Age,Occupation,Annual Income,Covered with Policy?,Type of Policy covered,Policy bought by whom,Interest in buying another policy,Reason for being interested in buying another policy,Criteria looked out for buying insurance,Reason for being uninterested in buying another policy,Areas of coverage,Situation in which insurance will help you,Heard of Prudential?,Have policy under Prudential?,Type of policies under Prudential,Buy again?,Improvements,life_PC,motor/vehicle_PC,health_PC,savings_PC,travel_PC,investment_PC,not sure_PC,myself_PB,parents_PB,government_PB,school_PB,future precautions_RInt,investment purposes_RInt,affordability_CL,coverage_CL,clarity of policy_CL,multi policy discounts_CL,customer service_CL,convenience_CL,financial difficulties_RUint,lack of information_RUint,unnecessary_RUint,family member_RUint,sickness_AC,death_AC,accident_AC,travel_AC,pandemic_AC,disability_AC,fraud_AC,housing/property_AC,life_TPP,motor/vehicle_TPP,health_TPP,savings_TPP,travel_TPP,investment_TPP,nil_TPP,not sure_TPP,accident_TPP,critical illness_TPP,personal accident_TPP
22 to 36 years old,student,"$25,000 and below",yes,life insurance,parents,yes,for future precautions,affordability;coverage;clarity of policy,,pandemic,pandemic,yes,not sure,nil,nil,in the event of a pandemic,1.0,0.0,0.0,0.0,0.0,0.0,0.0,0.0,1.0,0.0,0.0,1.0,0.0,1.0,1.0,1.0,0.0,0.0,0.0,0.0,0.0,0.0,0.0,0.0,0.0,0.0,0.0,1.0,0.0,0.0,0.0,0.0,0.0,0.0,0.0,0.0,0.0,1.0,0.0,0.0,0.0,0.0
22 to 36 years old,student,no income,yes,not sure,parents,no,,,lack of information;family member(s) have already bought it for you,sickness;pandemic;fraud,train breakdown then i need to take other modes of transport insurance can pay me for the extra fees that i pay for cabgrab,yes,no,nil,nil,more advertisement to promote or tell me what policies is suitable for me,0.0,0.0,0.0,0.0,0.0,0.0,1.0,0.0,1.0,0.0,0.0,0.0,0.0,0.0,0.0,0.0,0.0,0.0,0.0,0.0,1.0,0.0,1.0,1.0,0.0,0.0,0.0,1.0,0.0,1.0,0.0,0.0,0.0,0.0,0.0,0.0,0.0,1.0,0.0,0.0,0.0,0.0
21 years old and under,student,no income,yes,life insurance,parents,no,,,lack of information;family member(s) have already bought it for you,travel,,yes,no,nil,nil,,1.0,0.0,0.0,0.0,0.0,0.0,0.0,0.0,1.0,0.0,0.0,0.0,0.0,0.0,0.0,0.0,0.0,0.0,0.0,0.0,1.0,0.0,1.0,0.0,0.0,0.0,1.0,0.0,0.0,0.0,0.0,0.0,0.0,0.0,0.0,0.0,0.0,1.0,0.0,0.0,0.0,0.0
22 to 36 years old,student,no income,yes,not sure,parents,yes,for investment purposes;for future precautions,"affordability;coverage;multi policy discounts;convenience (eg. easy to buy, easy to claim);clarity of policy",,sickness;death;accident;fraud;housing/property,pandemic,yes,no,nil,nil,job related insurance,0.0,0.0,0.0,0.0,0.0,0.0,1.0,0.0,1.0,0.0,0.0,1.0,1.0,1.0,1.0,1.0,1.0,0.0,1.0,0.0,0.0,0.0,0.0,1.0,1.0,1.0,0.0,0.0,0.0,1.0,1.0,0.0,0.0,0.0,0.0,0.0,0.0,1.0,0.0,0.0,0.0,0.0
21 years old and under,student,no income,yes,life insurance;motor/vehicle insurance;health insurance;travel insurance;investment insurance;savings insurance,parents,no,,,family member(s) have already bought it for you,sickness;death;accident;travel;pandemic;fraud;disability;housing/property,,yes,not sure,nil,no,claim easier la,1.0,1.0,1.0,1.0,1.0,1.0,0.0,0.0,1.0,0.0,0.0,0.0,0.0,0.0,0.0,0.0,0.0,0.0,0.0,0.0,0.0,0.0,1.0,1.0,1.0,1.0,1.0,1.0,1.0,1.0,1.0,0.0,0.0,0.0,0.0,0.0,0.0,1.0,0.0,0.0,0.0,0.0
22 to 36 years old,student,"$25,000 and below",yes,life insurance;health insurance;travel insurance;savings insurance,parents,yes,for investment purposes;for future precautions,"affordability;coverage;convenience (eg. easy to buy, easy to claim);clarity of policy",,sickness;accident;travel;pandemic;disability;housing/property,hospitalisation,yes,no,nil,nil,,1.0,0.0,1.0,1.0,1.0,0.0,0.0,0.0,1.0,0.0,0.0,1.0,1.0,1.0,1.0,1.0,0.0,0.0,1.0,0.0,0.0,0.0,0.0,1.0,0.0,1.0,1.0,1.0,1.0,0.0,1.0,0.0,0.0,0.0,0.0,0.0,0.0,1.0,0.0,0.0,0.0,0.0
22 to 36 years old,cleaner,"$25,000 and below",no,nil,nil,no,,,ficial difficulties,sickness;death,medical bills,yes,no,life insurance;motor/vehicle insurance;health insurance;travel insurance;investment insurance;savings insurance,nil,better service,0.0,0.0,0.0,0.0,0.0,0.0,0.0,0.0,0.0,0.0,0.0,0.0,0.0,0.0,0.0,0.0,0.0,0.0,0.0,1.0,0.0,0.0,0.0,1.0,1.0,0.0,0.0,0.0,0.0,0.0,0.0,1.0,1.0,1.0,1.0,1.0,1.0,0.0,0.0,0.0,0.0,0.0
22 to 36 years old,student,no income,yes,life insurance;health insurance,"parents;they purchase first, then i will pay when i can",no,,,lack of information;unnecessary;family member(s) have already bought it for you,travel;disability,none do far,yes,no,nil,nil,transparency,1.0,0.0,1.0,0.0,0.0,0.0,0.0,0.0,1.0,0.0,0.0,0.0,0.0,0.0,0.0,0.0,0.0,0.0,0.0,0.0,1.0,1.0,1.0,0.0,0.0,0.0,1.0,0.0,1.0,0.0,0.0,0.0,0.0,0.0,0.0,0.0,0.0,1.0,0.0,0.0,0.0,0.0
21 years old and under,student,no income,yes,life insurance,parents,no,,,ficial difficulties;unnecessary,theres this insurance that grows money for ur future generations under ntuc income,like flight cancellation when taking planes and i think school has some insurance coverage ,yes,no,nil,nil,never bothered to listen to them always just tell them that im a student,1.0,0.0,0.0,0.0,0.0,0.0,0.0,0.0,1.0,0.0,0.0,0.0,0.0,0.0,0.0,0.0,0.0,0.0,0.0,1.0,0.0,1.0,0.0,0.0,0.0,0.0,0.0,0.0,0.0,0.0,0.0,0.0,0.0,0.0,0.0,0.0,0.0,1.0,0.0,0.0,0.0,0.0
22 to 36 years old,undergraduate,"$25,000 and below",yes,life insurance;health insurance;investment insurance;savings insurance,myself;parents,no,,,ficial difficulties;family member(s) have already bought it for you,sickness;death;accident;pandemic;disability,overseas accident where i could claim loss of items and medical fees,yes,yes,investment insurance;savings insurance,yes,none needed,1.0,0.0,1.0,1.0,0.0,1.0,0.0,1.0,1.0,0.0,0.0,0.0,0.0,0.0,0.0,0.0,0.0,0.0,0.0,1.0,0.0,0.0,1.0,1.0,1.0,1.0,0.0,1.0,1.0,0.0,0.0,0.0,0.0,0.0,1.0,0.0,1.0,0.0,0.0,0.0,0.0,0.0
22 to 36 years old,student,"above $200,000",yes,motor/vehicle insurance,nil,no,,,too mainstream,i said no though,when someone hits my vehicle ill sue until their pants drop but i have my own injuries covered too,no,no,nil,no,insurance pests,0.0,1.0,0.0,0.0,0.0,0.0,0.0,0.0,0.0,0.0,0.0,0.0,0.0,0.0,0.0,0.0,0.0,0.0,0.0,0.0,0.0,0.0,0.0,0.0,0.0,0.0,0.0,0.0,0.0,0.0,0.0,0.0,0.0,0.0,0.0,0.0,0.0,1.0,0.0,0.0,0.0,0.0
22 to 36 years old,student,"$25,000 and below",no,nil,nil,yes,for investment purposes;for future precautions,"coverage;convenience (eg. easy to buy, easy to claim);clarity of policy",,sickness;death;accident;travel;pandemic;fraud;disability;housing/property,hospitalisation ,yes,yes,critical illness,yes,its alright ,0.0,0.0,0.0,0.0,0.0,0.0,0.0,0.0,0.0,0.0,0.0,1.0,1.0,0.0,1.0,1.0,0.0,0.0,1.0,0.0,0.0,0.0,0.0,1.0,1.0,1.0,1.0,1.0,1.0,1.0,1.0,0.0,0.0,0.0,0.0,0.0,0.0,0.0,0.0,0.0,1.0,0.0
22 to 36 years old,student,no income,yes,life insurance;health insurance;travel insurance;savings insurance,parents,no,,,unnecessary,sickness;accident,operation on injury,yes,no,nil,nil,,1.0,0.0,1.0,1.0,1.0,0.0,0.0,0.0,1.0,0.0,0.0,0.0,0.0,0.0,0.0,0.0,0.0,0.0,0.0,0.0,0.0,1.0,0.0,1.0,0.0,1.0,0.0,0.0,0.0,0.0,0.0,0.0,0.0,0.0,0.0,0.0,0.0,1.0,0.0,0.0,0.0,0.0
22 to 36 years old,,no income,yes,life insurance;health insurance,parents,no,,,ficial difficulties;lack of information;family member(s) have already bought it for you,sickness;death;accident;travel;pandemic;fraud;disability;housing/property,if i fall ill in the middle of my big plans,yes,no,nil,nil,i dont know much about prudential or any insurance really,1.0,0.0,1.0,0.0,0.0,0.0,0.0,0.0,1.0,0.0,0.0,0.0,0.0,0.0,0.0,0.0,0.0,0.0,0.0,1.0,1.0,0.0,1.0,1.0,1.0,1.0,1.0,1.0,1.0,1.0,1.0,0.0,0.0,0.0,0.0,0.0,0.0,1.0,0.0,0.0,0.0,0.0
22 to 36 years old,student,no income,yes,life insurance;health insurance;investment insurance;savings insurance,parents,no,,,family member(s) have already bought it for you;covered enough already,pandemic;fraud;disability;housing/property,travel insurance when my flight was delayed for  hrs,yes,no,nil,nil,,1.0,0.0,1.0,1.0,0.0,1.0,0.0,0.0,1.0,0.0,0.0,0.0,0.0,0.0,0.0,0.0,0.0,0.0,0.0,0.0,0.0,0.0,1.0,0.0,0.0,0.0,0.0,1.0,1.0,1.0,1.0,0.0,0.0,0.0,0.0,0.0,0.0,1.0,0.0,0.0,0.0,0.0
21 years old and under,,"$25,000 and below",no,nil,nil,yes,for investment purposes;for future precautions,"affordability;coverage;customer service;multi policy discounts;convenience (eg. easy to buy, easy to claim);clarity of policy",,sickness;death;accident;travel;pandemic;fraud;disability;housing/property,when paying for medical bills,yes,no,nil,nil,dont know much to comment but hope they do more publicity for people like me to know more,0.0,0.0,0.0,0.0,0.0,0.0,0.0,0.0,0.0,0.0,0.0,1.0,1.0,1.0,1.0,1.0,1.0,1.0,1.0,0.0,0.0,0.0,0.0,1.0,1.0,1.0,1.0,1.0,1.0,1.0,1.0,0.0,0.0,0.0,0.0,0.0,0.0,1.0,0.0,0.0,0.0,0.0
22 to 36 years old,student,no income,yes,health insurance,parents;government: dependent protection scheme,yes,for future precautions,"coverage;company, payout & how does it work.",,sickness;death;accident;travel;housing/property,when i am overseas and a natural disaster occurs my belongings are insured,yes,no,nil,nil,,0.0,0.0,1.0,0.0,0.0,0.0,0.0,0.0,1.0,1.0,0.0,1.0,0.0,0.0,1.0,0.0,0.0,0.0,0.0,0.0,0.0,0.0,0.0,1.0,1.0,1.0,1.0,0.0,0.0,0.0,1.0,0.0,0.0,0.0,0.0,0.0,0.0,1.0,0.0,0.0,0.0,0.0
22 to 36 years old,student,no income,yes,life insurance,myself;parents,no,,,ficial difficulties,sickness;death;accident;housing/property,got a slipped disc unexpectedly and got covered from insurance luckily,yes,no,nil,nil,,1.0,0.0,0.0,0.0,0.0,0.0,0.0,1.0,1.0,0.0,0.0,0.0,0.0,0.0,0.0,0.0,0.0,0.0,0.0,1.0,0.0,0.0,0.0,1.0,1.0,1.0,0.0,0.0,0.0,0.0,1.0,0.0,0.0,0.0,0.0,0.0,0.0,1.0,0.0,0.0,0.0,0.0
22 to 36 years old,student,no income,yes,life insurance;health insurance;travel insurance,parents,no,,,family member(s) have already bought it for you,death;accident;pandemic;disability,monetary,yes,yes,life insurance;health insurance,yes,,1.0,0.0,1.0,0.0,1.0,0.0,0.0,0.0,1.0,0.0,0.0,0.0,0.0,0.0,0.0,0.0,0.0,0.0,0.0,0.0,0.0,0.0,1.0,0.0,1.0,1.0,0.0,1.0,1.0,0.0,0.0,1.0,0.0,1.0,0.0,0.0,0.0,0.0,0.0,0.0,0.0,0.0
22 to 36 years old,student,no income,yes,health insurance,parents,yes,for investment purposes,"affordability;coverage;convenience (eg. easy to buy, easy to claim);clarity of policy",,sickness;travel;housing/property,it has helped my family as the insurance manage to cover the hospitalisation costs,yes,yes,health insurance,yes,did not read much about their policies so im unable to answer this question,0.0,0.0,1.0,0.0,0.0,0.0,0.0,0.0,1.0,0.0,0.0,0.0,1.0,1.0,1.0,1.0,0.0,0.0,1.0,0.0,0.0,0.0,0.0,1.0,0.0,0.0,1.0,0.0,0.0,0.0,1.0,0.0,0.0,1.0,0.0,0.0,0.0,0.0,0.0,0.0,0.0,0.0
22 to 36 years old,student,no income,yes,health insurance,parents,no,,,family member(s) have already bought it for you,death,,yes,no,nil,nil,,0.0,0.0,1.0,0.0,0.0,0.0,0.0,0.0,1.0,0.0,0.0,0.0,0.0,0.0,0.0,0.0,0.0,0.0,0.0,0.0,0.0,0.0,1.0,0.0,1.0,0.0,0.0,0.0,0.0,0.0,0.0,0.0,0.0,0.0,0.0,0.0,0.0,1.0,0.0,0.0,0.0,0.0
22 to 36 years old,student,"$25,000 and below",yes,health insurance,parents,yes,for future precautions,"affordability;convenience (eg. easy to buy, easy to claim);clarity of policy",,sickness;death;accident;disability,car accident ,yes,no,nil,nil,,0.0,0.0,1.0,0.0,0.0,0.0,0.0,0.0,1.0,0.0,0.0,1.0,0.0,1.0,0.0,1.0,0.0,0.0,1.0,0.0,0.0,0.0,0.0,1.0,1.0,1.0,0.0,0.0,1.0,0.0,0.0,0.0,0.0,0.0,0.0,0.0,0.0,1.0,0.0,0.0,0.0,0.0
22 to 36 years old,student,"$25,000 and below",yes,life insurance;health insurance,parents,no,,,family member(s) have already bought it for you,sickness;death;accident;travel;pandemic;fraud;disability;housing/property,losing money while travelling ,yes,no,nil,nil,targeted at youth,1.0,0.0,1.0,0.0,0.0,0.0,0.0,0.0,1.0,0.0,0.0,0.0,0.0,0.0,0.0,0.0,0.0,0.0,0.0,0.0,0.0,0.0,1.0,1.0,1.0,1.0,1.0,1.0,1.0,1.0,1.0,0.0,0.0,0.0,0.0,0.0,0.0,1.0,0.0,0.0,0.0,0.0
22 to 36 years old,student,no income,yes,not sure,parents,no,,,family member(s) have already bought it for you,housing/property,when i die d,yes,not sure,nil,yes,its cool,0.0,0.0,0.0,0.0,0.0,0.0,1.0,0.0,1.0,0.0,0.0,0.0,0.0,0.0,0.0,0.0,0.0,0.0,0.0,0.0,0.0,0.0,1.0,0.0,0.0,0.0,0.0,0.0,0.0,0.0,1.0,0.0,0.0,0.0,0.0,0.0,0.0,1.0,0.0,0.0,0.0,0.0
22 to 36 years old,student,no income,yes,savings insurance,parents,yes,for future precautions,"affordability;coverage;customer service;multi policy discounts;convenience (eg. easy to buy, easy to claim);clarity of policy",,sickness;death;accident;travel;pandemic;fraud;disability;housing/property,if i suddenly get into an accident tomorrow or if i caught some hereditary illness from my parents,yes,yes,savings insurance,no,i just hope their customer service can improve instead of just telling us cant claim because cant claim,0.0,0.0,0.0,1.0,0.0,0.0,0.0,0.0,1.0,0.0,0.0,1.0,0.0,1.0,1.0,1.0,1.0,1.0,1.0,0.0,0.0,0.0,0.0,1.0,1.0,1.0,1.0,1.0,1.0,1.0,1.0,0.0,0.0,0.0,1.0,0.0,0.0,0.0,0.0,0.0,0.0,0.0
22 to 36 years old,student,no income,yes,life insurance,parents,no,,,family member(s) have already bought it for you,sickness;accident;travel;pandemic;fraud;housing/property,it was good to have the insurance when i went travelling last time ,yes,no,nil,nil,never bought from them before so i dont really know sorry ,1.0,0.0,0.0,0.0,0.0,0.0,0.0,0.0,1.0,0.0,0.0,0.0,0.0,0.0,0.0,0.0,0.0,0.0,0.0,0.0,0.0,0.0,1.0,1.0,0.0,1.0,1.0,1.0,0.0,1.0,1.0,0.0,0.0,0.0,0.0,0.0,0.0,1.0,0.0,0.0,0.0,0.0
22 to 36 years old,student,no income,yes,health insurance;not sure,parents,no,,,ficial difficulties;lack of information;unnecessary;family member(s) have already bought it for you,sickness;death;accident;travel;pandemic;fraud;disability;housing/property,havent claimed from an insurance agency before ,yes,no,nil,nil,not sure what they offer ,0.0,0.0,1.0,0.0,0.0,0.0,1.0,0.0,1.0,0.0,0.0,0.0,0.0,0.0,0.0,0.0,0.0,0.0,0.0,1.0,1.0,1.0,1.0,1.0,1.0,1.0,1.0,1.0,1.0,1.0,1.0,0.0,0.0,0.0,0.0,0.0,0.0,1.0,0.0,0.0,0.0,0.0
22 to 36 years old,student,"$25,000 and below",no,nil,nil,no,,,ficial difficulties;lack of information,sickness;accident;housing/property,havent experienced yet so far,yes,yes,savings insurance,no,just bought so not sure yet,0.0,0.0,0.0,0.0,0.0,0.0,0.0,0.0,0.0,0.0,0.0,0.0,0.0,0.0,0.0,0.0,0.0,0.0,0.0,1.0,1.0,0.0,0.0,1.0,0.0,1.0,0.0,0.0,0.0,0.0,1.0,0.0,0.0,0.0,1.0,0.0,0.0,0.0,0.0,0.0,0.0,0.0
22 to 36 years old,student,no income,yes,health insurance;savings insurance,parents,no,,,lack of information;family member(s) have already bought it for you,sickness;death;accident;travel;pandemic;fraud;disability;housing/property,health or accident,yes,no,nil,nil,,0.0,0.0,1.0,1.0,0.0,0.0,0.0,0.0,1.0,0.0,0.0,0.0,0.0,0.0,0.0,0.0,0.0,0.0,0.0,0.0,1.0,0.0,1.0,1.0,1.0,1.0,1.0,1.0,1.0,1.0,1.0,0.0,0.0,0.0,0.0,0.0,0.0,1.0,0.0,0.0,0.0,0.0
22 to 36 years old,student,no income,yes,not sure,parents,no,,,family member(s) have already bought it for you;no idea how it works,sickness;death;accident;travel;pandemic;fraud;disability;housing/property;natural disaster like tsunamis,if tsunami strikes or if we all take the vaccine and become zombies,yes,not sure,not sure,nil,,0.0,0.0,0.0,0.0,0.0,0.0,1.0,0.0,1.0,0.0,0.0,0.0,0.0,0.0,0.0,0.0,0.0,0.0,0.0,0.0,0.0,0.0,1.0,1.0,1.0,1.0,1.0,1.0,1.0,1.0,1.0,0.0,0.0,0.0,0.0,0.0,0.0,0.0,1.0,0.0,0.0,0.0
22 to 36 years old,student,"$25,001 to $50,000",yes,life insurance;health insurance;investment insurance;savings insurance,myself;parents,no,,,unnecessary;family member(s) have already bought it for you,disability;housing/property,it had helped to pay my bills for acl reconstruction  ish,yes,yes,health insurance;savings insurance,no,agent quality following up transparency honesty,1.0,0.0,1.0,1.0,0.0,1.0,0.0,1.0,1.0,0.0,0.0,0.0,0.0,0.0,0.0,0.0,0.0,0.0,0.0,0.0,0.0,1.0,1.0,0.0,0.0,0.0,0.0,0.0,1.0,0.0,1.0,0.0,0.0,1.0,1.0,0.0,0.0,0.0,0.0,0.0,0.0,0.0
21 years old and under,student,"$25,000 and below",yes,health insurance,school,yes,for future precautions,"affordability;coverage;customer service;convenience (eg. easy to buy, easy to claim);clarity of policy",,sickness;accident;disability,get hit by a car,yes,no,nil,nil,,0.0,0.0,1.0,0.0,0.0,0.0,0.0,0.0,0.0,0.0,1.0,1.0,0.0,1.0,1.0,1.0,0.0,1.0,1.0,0.0,0.0,0.0,0.0,1.0,0.0,1.0,0.0,0.0,1.0,0.0,0.0,0.0,0.0,0.0,0.0,0.0,0.0,1.0,0.0,0.0,0.0,0.0
21 years old and under,student,"$25,000 and below",yes,life insurance,myself,no,,,i have one,death;accident,,yes,no,nil,nil,,1.0,0.0,0.0,0.0,0.0,0.0,0.0,1.0,0.0,0.0,0.0,0.0,0.0,0.0,0.0,0.0,0.0,0.0,0.0,0.0,0.0,0.0,0.0,0.0,1.0,1.0,0.0,0.0,0.0,0.0,0.0,0.0,0.0,0.0,0.0,0.0,0.0,1.0,0.0,0.0,0.0,0.0
22 to 36 years old,student,no income,yes,life insurance;motor/vehicle insurance;health insurance,myself;parents,yes,for future precautions,affordability;coverage;clarity of policy,,sickness;death;accident;travel;housing/property,items lost while travelling house on fire or robbed road accident ,yes,no,nil,yes,,1.0,1.0,1.0,0.0,0.0,0.0,0.0,1.0,1.0,0.0,0.0,1.0,0.0,1.0,1.0,1.0,0.0,0.0,0.0,0.0,0.0,0.0,0.0,1.0,1.0,1.0,1.0,0.0,0.0,0.0,1.0,0.0,0.0,0.0,0.0,0.0,0.0,1.0,0.0,0.0,0.0,0.0
22 to 36 years old,student,no income,no,nil,nil,yes,for future precautions,"affordability;coverage;customer service;convenience (eg. easy to buy, easy to claim);clarity of policy",,sickness;death;accident;travel;housing/property,when you get into an accident when youre overseas,yes,no,nil,nil,,0.0,0.0,0.0,0.0,0.0,0.0,0.0,0.0,0.0,0.0,0.0,1.0,0.0,1.0,1.0,1.0,0.0,1.0,1.0,0.0,0.0,0.0,0.0,1.0,1.0,1.0,1.0,0.0,0.0,0.0,1.0,0.0,0.0,0.0,0.0,0.0,0.0,1.0,0.0,0.0,0.0,0.0
21 years old and under,nsf,no income,no,nil,nil,no,,,lack of information;unnecessary,accident;travel;pandemic,medicinal fees for accidental injury in work or life,yes,not sure,nil,nil,not sure but most people would gravitate towards a cheaper insurance i think,0.0,0.0,0.0,0.0,0.0,0.0,0.0,0.0,0.0,0.0,0.0,0.0,0.0,0.0,0.0,0.0,0.0,0.0,0.0,0.0,1.0,1.0,0.0,0.0,0.0,1.0,1.0,1.0,0.0,0.0,0.0,0.0,0.0,0.0,0.0,0.0,0.0,1.0,0.0,0.0,0.0,0.0
22 to 36 years old,student,no income,no,nil,nil,no,,,lack of information;unnecessary,travel;fraud;housing/property,getting robbed overseas if my credit card gets stolen online scam,yes,no,nil,nil,,0.0,0.0,0.0,0.0,0.0,0.0,0.0,0.0,0.0,0.0,0.0,0.0,0.0,0.0,0.0,0.0,0.0,0.0,0.0,0.0,1.0,1.0,0.0,0.0,0.0,0.0,1.0,0.0,0.0,1.0,1.0,0.0,0.0,0.0,0.0,0.0,0.0,1.0,0.0,0.0,0.0,0.0
22 to 36 years old,student,no income,yes,life insurance;motor/vehicle insurance;health insurance,parents,yes,for future precautions,affordability;coverage;customer service;clarity of policy,,sickness;death;accident;travel;pandemic;fraud;disability;housing/property,lost my phone in thailand the insurance company paid some money to me,yes,not sure,nil,nil,,1.0,1.0,1.0,0.0,0.0,0.0,0.0,0.0,1.0,0.0,0.0,1.0,0.0,1.0,1.0,1.0,0.0,1.0,0.0,0.0,0.0,0.0,0.0,1.0,1.0,1.0,1.0,1.0,1.0,1.0,1.0,0.0,0.0,0.0,0.0,0.0,0.0,1.0,0.0,0.0,0.0,0.0
21 years old and under,student,no income,no,nil,nil,no,,,currently not looking to buy insurance. planning to in the future though,sickness;death;accident;travel;pandemic;fraud;disability;housing/property,sustaining injury while working,yes,no,nil,nil,not sure about prudential policies,0.0,0.0,0.0,0.0,0.0,0.0,0.0,0.0,0.0,0.0,0.0,0.0,0.0,0.0,0.0,0.0,0.0,0.0,0.0,0.0,0.0,0.0,0.0,1.0,1.0,1.0,1.0,1.0,1.0,1.0,1.0,0.0,0.0,0.0,0.0,0.0,0.0,1.0,0.0,0.0,0.0,0.0
22 to 36 years old,student,"$25,000 and below",yes,life insurance;not sure,parents,no,,,family member(s) have already bought it for you,sickness;death;accident;travel,health,yes,no,nil,nil,,1.0,0.0,0.0,0.0,0.0,0.0,1.0,0.0,1.0,0.0,0.0,0.0,0.0,0.0,0.0,0.0,0.0,0.0,0.0,0.0,0.0,0.0,1.0,1.0,1.0,1.0,1.0,0.0,0.0,0.0,0.0,0.0,0.0,0.0,0.0,0.0,0.0,1.0,0.0,0.0,0.0,0.0
22 to 36 years old,student,no income,yes,life insurance,myself;parents,no,,,ficial difficulties;better roi myself ,sickness;accident;travel;fraud;disability;housing/property,disabled orcritical illness ,yes,no,nil,nil,prudential sucks,1.0,0.0,0.0,0.0,0.0,0.0,0.0,1.0,1.0,0.0,0.0,0.0,0.0,0.0,0.0,0.0,0.0,0.0,0.0,1.0,0.0,0.0,0.0,1.0,0.0,1.0,1.0,0.0,1.0,1.0,1.0,0.0,0.0,0.0,0.0,0.0,0.0,1.0,0.0,0.0,0.0,0.0
22 to 36 years old,developer,"$25,001 to $50,000",yes,life insurance;health insurance,myself,yes,for investment purposes,"affordability;coverage;customer service;convenience (eg. easy to buy, easy to claim);clarity of policy",,sickness;death;accident;travel;pandemic;fraud;disability;housing/property;i mean i hope for everything my money can give me,went to hosp after going ham on chir chir chicken not fun,yes,no,nil,nil,maybe some term savings plans idk,1.0,0.0,1.0,0.0,0.0,0.0,0.0,1.0,0.0,0.0,0.0,0.0,1.0,1.0,1.0,1.0,0.0,1.0,1.0,0.0,0.0,0.0,0.0,1.0,1.0,1.0,1.0,1.0,1.0,1.0,1.0,0.0,0.0,0.0,0.0,0.0,0.0,1.0,0.0,0.0,0.0,0.0
22 to 36 years old,student,no income,yes,life insurance;health insurance;investment insurance,parents,no,,,family member(s) have already bought it for you,sickness;accident;disability;housing/property,travel insurance has helped me on a trip to japan where i missed a connecting flight the policy allowed me to make a claim i think having insurance wood also help me in further situations such as this,yes,no,nil,yes,not much impression and understanding of prudential policies,1.0,0.0,1.0,0.0,0.0,1.0,0.0,0.0,1.0,0.0,0.0,0.0,0.0,0.0,0.0,0.0,0.0,0.0,0.0,0.0,0.0,0.0,1.0,1.0,0.0,1.0,0.0,0.0,1.0,0.0,1.0,0.0,0.0,0.0,0.0,0.0,0.0,1.0,0.0,0.0,0.0,0.0
22 to 36 years old,student,no income,yes,life insurance,school. smu buys for everyone each year.,no,,,ficial difficulties;lack of information;unnecessary,death;fraud;housing/property,dropping out of uni and havinv to pay back in full one shot was painful,yes,yes,health insurance,no,instead of policies change the snakes in the industry,1.0,0.0,0.0,0.0,0.0,0.0,0.0,0.0,0.0,0.0,1.0,0.0,0.0,0.0,0.0,0.0,0.0,0.0,0.0,1.0,1.0,1.0,0.0,0.0,1.0,0.0,0.0,0.0,0.0,1.0,1.0,0.0,0.0,1.0,0.0,0.0,0.0,0.0,0.0,0.0,0.0,0.0
22 to 36 years old,student,no income,yes,life insurance;health insurance,parents,no,,,family member(s) have already bought it for you,travel;pandemic;fraud;disability;housing/property,maybe suddenly having covid in this context,yes,no,nil,nil,i think is just normal,1.0,0.0,1.0,0.0,0.0,0.0,0.0,0.0,1.0,0.0,0.0,0.0,0.0,0.0,0.0,0.0,0.0,0.0,0.0,0.0,0.0,0.0,1.0,0.0,0.0,0.0,1.0,1.0,1.0,1.0,1.0,0.0,0.0,0.0,0.0,0.0,0.0,1.0,0.0,0.0,0.0,0.0
22 to 36 years old,student,"$25,000 and below",yes,life insurance;health insurance,parents,no,,,family member(s) have already bought it for you,death;accident;pandemic,surgery,yes,no,nil,,,1.0,0.0,1.0,0.0,0.0,0.0,0.0,0.0,1.0,0.0,0.0,0.0,0.0,0.0,0.0,0.0,0.0,0.0,0.0,0.0,0.0,0.0,1.0,0.0,1.0,1.0,0.0,1.0,0.0,0.0,0.0,0.0,0.0,0.0,0.0,0.0,0.0,1.0,0.0,0.0,0.0,0.0
22 to 36 years old,student,no income,yes,not sure,parents,yes,for investment purposes;for future precautions,"affordability;coverage;customer service;convenience (eg. easy to buy, easy to claim);clarity of policy",,sickness;death;accident;travel;disability;housing/property,when i fall sick ,yes,not sure,not sure,nil,,0.0,0.0,0.0,0.0,0.0,0.0,1.0,0.0,1.0,0.0,0.0,1.0,1.0,1.0,1.0,1.0,0.0,1.0,1.0,0.0,0.0,0.0,0.0,1.0,1.0,1.0,1.0,0.0,1.0,0.0,1.0,0.0,0.0,0.0,0.0,0.0,0.0,0.0,1.0,0.0,0.0,0.0
21 years old and under,student,no income,yes,investment insurance;savings insurance,parents,no,,,unnecessary;family member(s) have already bought it for you,travel;pandemic;housing/property,my breast surgery was covered,yes,not sure,nil,nil,,0.0,0.0,0.0,1.0,0.0,1.0,0.0,0.0,1.0,0.0,0.0,0.0,0.0,0.0,0.0,0.0,0.0,0.0,0.0,0.0,0.0,1.0,1.0,0.0,0.0,0.0,1.0,1.0,0.0,0.0,1.0,0.0,0.0,0.0,0.0,0.0,0.0,1.0,0.0,0.0,0.0,0.0
22 to 36 years old,student,no income,yes,life insurance;motor/vehicle insurance;health insurance;travel insurance;investment insurance;savings insurance;not sure,parents,no,,,family member(s) have already bought it for you,pandemic,injury,yes,yes,life insurance;motor/vehicle insurance;health insurance;travel insurance;investment insurance;savings insurance;not sure,yes,,1.0,1.0,1.0,1.0,1.0,1.0,1.0,0.0,1.0,0.0,0.0,0.0,0.0,0.0,0.0,0.0,0.0,0.0,0.0,0.0,0.0,0.0,1.0,0.0,0.0,0.0,0.0,1.0,0.0,0.0,0.0,1.0,1.0,1.0,1.0,1.0,1.0,0.0,1.0,0.0,0.0,0.0
22 to 36 years old,student,"$25,000 and below",yes,life insurance;savings insurance,myself;parents,yes,for investment purposes;for future precautions,"affordability;coverage;customer service;multi policy discounts;convenience (eg. easy to buy, easy to claim);clarity of policy",,accident;disability,making a claim for hospitalization bill,yes,yes,life insurance,nil,havent been reading up on their policy ,1.0,0.0,0.0,1.0,0.0,0.0,0.0,1.0,1.0,0.0,0.0,1.0,1.0,1.0,1.0,1.0,1.0,1.0,1.0,0.0,0.0,0.0,0.0,0.0,0.0,1.0,0.0,0.0,1.0,0.0,0.0,1.0,0.0,0.0,0.0,0.0,0.0,0.0,0.0,0.0,0.0,0.0
22 to 36 years old,student,"$25,000 and below",yes,life insurance;savings insurance,myself,yes,for investment purposes;for future precautions,affordability;coverage;customer service,,sickness;death;accident,critical illness ,yes,yes,life insurance,yes,so far so good ,1.0,0.0,0.0,1.0,0.0,0.0,0.0,1.0,0.0,0.0,0.0,1.0,1.0,1.0,1.0,0.0,0.0,1.0,0.0,0.0,0.0,0.0,0.0,1.0,1.0,1.0,0.0,0.0,0.0,0.0,0.0,1.0,0.0,0.0,0.0,0.0,0.0,0.0,0.0,0.0,0.0,0.0
22 to 36 years old,student,no income,yes,life insurance;motor/vehicle insurance;health insurance,parents,no,,,family member(s) have already bought it for you,sickness;death;accident;travel;pandemic;fraud;disability;housing/property,losing my job during a pandemic,yes,no,nil,nil,,1.0,1.0,1.0,0.0,0.0,0.0,0.0,0.0,1.0,0.0,0.0,0.0,0.0,0.0,0.0,0.0,0.0,0.0,0.0,0.0,0.0,0.0,1.0,1.0,1.0,1.0,1.0,1.0,1.0,1.0,1.0,0.0,0.0,0.0,0.0,0.0,0.0,1.0,0.0,0.0,0.0,0.0
21 years old and under,student,no income,yes,life insurance;health insurance;travel insurance;savings insurance,parents,no,,,family member(s) have already bought it for you;mom is an insurance agent,"pandemic;fraud;disability;housing/property;crime, damaged products (laptops, gaming consoles etc)",fractured my arm fee for consultation was sgd payout from insurance was sgd hehe,yes,no,nil,nil,,1.0,0.0,1.0,1.0,1.0,0.0,0.0,0.0,1.0,0.0,0.0,0.0,0.0,0.0,0.0,0.0,0.0,0.0,0.0,0.0,0.0,0.0,1.0,0.0,0.0,0.0,0.0,1.0,1.0,1.0,1.0,0.0,0.0,0.0,0.0,0.0,0.0,1.0,0.0,0.0,0.0,0.0
22 to 36 years old,student,no income,yes,life insurance,parents,no,,,lack of information;unnecessary;family member(s) have already bought it for you,sickness;travel;fraud;housing/property;investment :d,no in fact i feel that the travel insurance i bought last time was a waste of money cos my claim was unsuccessful i feel that insurance companies come up with a lot of excuses not to cover you when you actually try to claim,yes,no,nil,nil,not sure as i am not familiar with them,1.0,0.0,0.0,0.0,0.0,0.0,0.0,0.0,1.0,0.0,0.0,0.0,0.0,0.0,0.0,0.0,0.0,0.0,0.0,0.0,1.0,1.0,1.0,1.0,0.0,0.0,1.0,0.0,0.0,1.0,1.0,0.0,0.0,0.0,0.0,0.0,0.0,1.0,0.0,0.0,0.0,0.0
21 years old and under,student,no income,yes,not sure,parents,no,,,family member(s) have already bought it for you,sickness;death;accident;fraud;disability;housing/property,get into an accident or a terminal illnes,yes,not sure,not sure,nil,,0.0,0.0,0.0,0.0,0.0,0.0,1.0,0.0,1.0,0.0,0.0,0.0,0.0,0.0,0.0,0.0,0.0,0.0,0.0,0.0,0.0,0.0,1.0,1.0,1.0,1.0,0.0,0.0,1.0,1.0,1.0,0.0,0.0,0.0,0.0,0.0,0.0,0.0,1.0,0.0,0.0,0.0
21 years old and under,legal executive,"$25,000 and below",yes,health insurance,parents,no,,,lack of information,sickness;death;accident;travel;pandemic;fraud;disability;housing/property,when i got hospitalised suddenly,yes,not sure,nil,nil,i havent bought from prudential so i cant answer this,0.0,0.0,1.0,0.0,0.0,0.0,0.0,0.0,1.0,0.0,0.0,0.0,0.0,0.0,0.0,0.0,0.0,0.0,0.0,0.0,1.0,0.0,0.0,1.0,1.0,1.0,1.0,1.0,1.0,1.0,1.0,0.0,0.0,0.0,0.0,0.0,0.0,1.0,0.0,0.0,0.0,0.0
22 to 36 years old,,no income,yes,not sure,myself;parents;brother ,no,,,ficial difficulties;lack of information;unnecessary;family member(s) have already bought it for you,sickness;death;accident;travel;pandemic;fraud;disability;housing/property,natural disaster,yes,no,nil,,,0.0,0.0,0.0,0.0,0.0,0.0,1.0,1.0,1.0,0.0,0.0,0.0,0.0,0.0,0.0,0.0,0.0,0.0,0.0,1.0,1.0,1.0,1.0,1.0,1.0,1.0,1.0,1.0,1.0,1.0,1.0,0.0,0.0,0.0,0.0,0.0,0.0,1.0,0.0,0.0,0.0,0.0
22 to 36 years old,student,no income,yes,life insurance;motor/vehicle insurance;health insurance;travel insurance;savings insurance,myself;parents,yes,for future precautions,"affordability;coverage;customer service;multi policy discounts;convenience (eg. easy to buy, easy to claim);clarity of policy",,sickness;death;accident;travel;pandemic;fraud;disability;housing/property,if i get into an accident my medical bills can be partially covered by my insurance ,yes,yes,health insurance;savings insurance,yes,,1.0,1.0,1.0,1.0,1.0,0.0,0.0,1.0,1.0,0.0,0.0,1.0,0.0,1.0,1.0,1.0,1.0,1.0,1.0,0.0,0.0,0.0,0.0,1.0,1.0,1.0,1.0,1.0,1.0,1.0,1.0,0.0,0.0,1.0,1.0,0.0,0.0,0.0,0.0,0.0,0.0,0.0
22 to 36 years old,student,no income,no,nil,nil,no,,,ficial difficulties;lack of information,sickness;accident;travel;pandemic,safety net ,yes,no,nil,nil,,0.0,0.0,0.0,0.0,0.0,0.0,0.0,0.0,0.0,0.0,0.0,0.0,0.0,0.0,0.0,0.0,0.0,0.0,0.0,1.0,1.0,0.0,0.0,1.0,0.0,1.0,1.0,1.0,0.0,0.0,0.0,0.0,0.0,0.0,0.0,0.0,0.0,1.0,0.0,0.0,0.0,0.0
22 to 36 years old,student,no income,yes,life insurance;health insurance;not sure,parents,yes,for investment purposes;for future precautions,"affordability;coverage;convenience (eg. easy to buy, easy to claim);clarity of policy",,sickness;death;accident;travel;pandemic;fraud;disability;housing/property,situation whereby hospitalisation is covered by insurance ,yes,not sure,not sure,yes,im not too sure as i didnt purchase it by myself,1.0,0.0,1.0,0.0,0.0,0.0,1.0,0.0,1.0,0.0,0.0,1.0,1.0,1.0,1.0,1.0,0.0,0.0,1.0,0.0,0.0,0.0,0.0,1.0,1.0,1.0,1.0,1.0,1.0,1.0,1.0,0.0,0.0,0.0,0.0,0.0,0.0,0.0,1.0,0.0,0.0,0.0
22 to 36 years old,student,no income,yes,health insurance,parents,yes,for future precautions,"affordability;coverage;convenience (eg. easy to buy, easy to claim);clarity of policy",,sickness;accident;travel;pandemic;disability,,yes,no,nil,nil,affordable  plans,0.0,0.0,1.0,0.0,0.0,0.0,0.0,0.0,1.0,0.0,0.0,1.0,0.0,1.0,1.0,1.0,0.0,0.0,1.0,0.0,0.0,0.0,0.0,1.0,0.0,1.0,1.0,1.0,1.0,0.0,0.0,0.0,0.0,0.0,0.0,0.0,0.0,1.0,0.0,0.0,0.0,0.0
22 to 36 years old,pr,"$25,001 to $50,000",yes,life insurance;health insurance,myself;parents,no,,,unnecessary;family member(s) have already bought it for you,travel;pandemic;fraud;disability;housing/property,surgery ,no,no,nil,nil,,1.0,0.0,1.0,0.0,0.0,0.0,0.0,1.0,1.0,0.0,0.0,0.0,0.0,0.0,0.0,0.0,0.0,0.0,0.0,0.0,0.0,1.0,1.0,0.0,0.0,0.0,1.0,1.0,1.0,1.0,1.0,0.0,0.0,0.0,0.0,0.0,0.0,1.0,0.0,0.0,0.0,0.0
22 to 36 years old,student,"$25,000 and below",yes,health insurance,myself,yes,for investment purposes;for future precautions,"affordability;coverage;customer service;convenience (eg. easy to buy, easy to claim);clarity of policy",,sickness;death;accident;travel;pandemic;fraud;disability,break out of the pandemic may causes me losing my job having insurance can be a source of income for  my living expenses,yes,no,nil,nil,,0.0,0.0,1.0,0.0,0.0,0.0,0.0,1.0,0.0,0.0,0.0,1.0,1.0,1.0,1.0,1.0,0.0,1.0,1.0,0.0,0.0,0.0,0.0,1.0,1.0,1.0,1.0,1.0,1.0,1.0,0.0,0.0,0.0,0.0,0.0,0.0,0.0,1.0,0.0,0.0,0.0,0.0
22 to 36 years old,accountant,"$25,001 to $50,000",yes,life insurance;health insurance,myself;parents,no,,,unnecessary,housing/property,savings for tuition fees,yes,yes,health insurance,yes,,1.0,0.0,1.0,0.0,0.0,0.0,0.0,1.0,1.0,0.0,0.0,0.0,0.0,0.0,0.0,0.0,0.0,0.0,0.0,0.0,0.0,1.0,0.0,0.0,0.0,0.0,0.0,0.0,0.0,0.0,1.0,0.0,0.0,1.0,0.0,0.0,0.0,0.0,0.0,0.0,0.0,0.0
21 years old and under,student,no income,no,nil,nil,no,,,ficial difficulties,sickness;death;accident,hospital bill for an accident,yes,no,nil,nil,cheaper plans ,0.0,0.0,0.0,0.0,0.0,0.0,0.0,0.0,0.0,0.0,0.0,0.0,0.0,0.0,0.0,0.0,0.0,0.0,0.0,1.0,0.0,0.0,0.0,1.0,1.0,1.0,0.0,0.0,0.0,0.0,0.0,0.0,0.0,0.0,0.0,0.0,0.0,1.0,0.0,0.0,0.0,0.0
22 to 36 years old,student,no income,yes,life insurance,parents,no,,,lack of information,travel;pandemic;fraud,when my belongings get stolen eg laptop,yes,yes,life insurance,yes,normal nothing to differentiate them from other competitors maybe can offer some loyalty programmes for customers who have been buying from them,1.0,0.0,0.0,0.0,0.0,0.0,0.0,0.0,1.0,0.0,0.0,0.0,0.0,0.0,0.0,0.0,0.0,0.0,0.0,0.0,1.0,0.0,0.0,0.0,0.0,0.0,1.0,1.0,0.0,1.0,0.0,1.0,0.0,0.0,0.0,0.0,0.0,0.0,0.0,0.0,0.0,0.0
22 to 36 years old,actuary,"$25,001 to $50,000",yes,life insurance;health insurance,myself,no,,,unnecessary,sickness;death;accident;travel;pandemic;disability;housing/property,if i had an injury,yes,yes,life insurance;health insurance,yes,its okay perhaps when they push out targeted policies such as womens one they can add it as a carrier on top of the current one with a top up prem instead of introducing as a new policy i guess,1.0,0.0,1.0,0.0,0.0,0.0,0.0,1.0,0.0,0.0,0.0,0.0,0.0,0.0,0.0,0.0,0.0,0.0,0.0,0.0,0.0,1.0,0.0,1.0,1.0,1.0,1.0,1.0,1.0,0.0,1.0,1.0,0.0,1.0,0.0,0.0,0.0,0.0,0.0,0.0,0.0,0.0
22 to 36 years old,nsf,no income,yes,life insurance,parents,yes,for future precautions,affordability;coverage;customer service;clarity of policy,,sickness;death;accident;travel;disability,unforseen illeness ,yes,no,nil,nil,"nil
",1.0,0.0,0.0,0.0,0.0,0.0,0.0,0.0,1.0,0.0,0.0,1.0,0.0,1.0,1.0,1.0,0.0,1.0,0.0,0.0,0.0,0.0,0.0,1.0,1.0,1.0,1.0,0.0,1.0,0.0,0.0,0.0,0.0,0.0,0.0,0.0,0.0,1.0,0.0,0.0,0.0,0.0
21 years old and under,student,no income,yes,not sure,parents,no,,,lack of information;family member(s) have already bought it for you,sickness;accident;disability,permanent disability,yes,not sure,nil,,,0.0,0.0,0.0,0.0,0.0,0.0,1.0,0.0,1.0,0.0,0.0,0.0,0.0,0.0,0.0,0.0,0.0,0.0,0.0,0.0,1.0,0.0,1.0,1.0,0.0,1.0,0.0,0.0,1.0,0.0,0.0,0.0,0.0,0.0,0.0,0.0,0.0,1.0,0.0,0.0,0.0,0.0
21 years old and under,,no income,yes,life insurance;health insurance,parents,no,,,ficial difficulties;lack of information;unnecessary;family member(s) have already bought it for you,sickness;death;accident;travel;pandemic;fraud;disability;housing/property,if for example i fall gravely ill and end up requiring hospital treatment  insurance would help cover part of the costs if the disease is covered under my plan ,yes,no,nil,nil,,1.0,0.0,1.0,0.0,0.0,0.0,0.0,0.0,1.0,0.0,0.0,0.0,0.0,0.0,0.0,0.0,0.0,0.0,0.0,1.0,1.0,1.0,1.0,1.0,1.0,1.0,1.0,1.0,1.0,1.0,1.0,0.0,0.0,0.0,0.0,0.0,0.0,1.0,0.0,0.0,0.0,0.0
21 years old and under,student,"$25,000 and below",yes,life insurance;motor/vehicle insurance;health insurance,parents,yes,for investment purposes;for future precautions,"affordability;coverage;multi policy discounts;convenience (eg. easy to buy, easy to claim)",,sickness;death;accident;travel;pandemic;fraud;disability;housing/property;divorce,being injured,yes,yes,life insurance;motor/vehicle insurance;health insurance,yes,better affordability,1.0,1.0,1.0,0.0,0.0,0.0,0.0,0.0,1.0,0.0,0.0,1.0,1.0,1.0,1.0,0.0,1.0,0.0,1.0,0.0,0.0,0.0,0.0,1.0,1.0,1.0,1.0,1.0,1.0,1.0,1.0,1.0,1.0,1.0,0.0,0.0,0.0,0.0,0.0,0.0,0.0,0.0
22 to 36 years old,student,no income,yes,not sure,parents,yes,for investment purposes;for future precautions,"affordability;coverage;convenience (eg. easy to buy, easy to claim);clarity of policy",,sickness;death;accident;fraud;disability,meeting with accident and needing to cover hospital bills,yes,no,nil,nil,their policies seem appealing to people in my age group but i am personally not the most familiar with hidden termsconditions in insurance so i hope at least that it can be explained more clearly without pressure to buy although i am trying to enquire,0.0,0.0,0.0,0.0,0.0,0.0,1.0,0.0,1.0,0.0,0.0,1.0,1.0,1.0,1.0,1.0,0.0,0.0,1.0,0.0,0.0,0.0,0.0,1.0,1.0,1.0,0.0,0.0,1.0,1.0,0.0,0.0,0.0,0.0,0.0,0.0,0.0,1.0,0.0,0.0,0.0,0.0
22 to 36 years old,,no income,yes,life insurance;health insurance,myself,no,,,unnecessary,sickness;accident;fraud,any situation that involves calculated risk,yes,no,nil,nil,costly,1.0,0.0,1.0,0.0,0.0,0.0,0.0,1.0,0.0,0.0,0.0,0.0,0.0,0.0,0.0,0.0,0.0,0.0,0.0,0.0,0.0,1.0,0.0,1.0,0.0,1.0,0.0,0.0,0.0,1.0,0.0,0.0,0.0,0.0,0.0,0.0,0.0,1.0,0.0,0.0,0.0,0.0
22 to 36 years old,student,no income,no,nil,nil,no,,,unnecessary,"children's education fees, retirement ",when something unexpectedaccidents happen it would be good to have insurance to cover for the expenses related to it  ,yes,no,nil,nil,no comment since i dont have any under it ,0.0,0.0,0.0,0.0,0.0,0.0,0.0,0.0,0.0,0.0,0.0,0.0,0.0,0.0,0.0,0.0,0.0,0.0,0.0,0.0,0.0,1.0,0.0,0.0,0.0,0.0,0.0,0.0,0.0,0.0,0.0,0.0,0.0,0.0,0.0,0.0,0.0,1.0,0.0,0.0,0.0,0.0
21 years old and under,student,no income,yes,life insurance;health insurance,parents,yes,for investment purposes;for future precautions,affordability;coverage;clarity of policy,,sickness;death;accident;travel,when you are critically ill ,yes,no,nil,nil,i have never bought from prudential so im not very sure what suggestions i can give ,1.0,0.0,1.0,0.0,0.0,0.0,0.0,0.0,1.0,0.0,0.0,1.0,1.0,1.0,1.0,1.0,0.0,0.0,0.0,0.0,0.0,0.0,0.0,1.0,1.0,1.0,1.0,0.0,0.0,0.0,0.0,0.0,0.0,0.0,0.0,0.0,0.0,1.0,0.0,0.0,0.0,0.0
21 years old and under,,no income,yes,health insurance,parents,yes,for investment purposes;for future precautions,affordability;coverage;clarity of policy,,sickness;death;disability,terminal illness,yes,no,nil,nil,,0.0,0.0,1.0,0.0,0.0,0.0,0.0,0.0,1.0,0.0,0.0,1.0,1.0,1.0,1.0,1.0,0.0,0.0,0.0,0.0,0.0,0.0,0.0,1.0,1.0,0.0,0.0,0.0,1.0,0.0,0.0,0.0,0.0,0.0,0.0,0.0,0.0,1.0,0.0,0.0,0.0,0.0
22 to 36 years old,student,"$25,000 and below",yes,health insurance;travel insurance;savings insurance,myself,yes,for investment purposes;for future precautions,"affordability;coverage;convenience (eg. easy to buy, easy to claim)",,sickness;death;accident;travel;pandemic;disability;housing/property,rubbing shattered tempered glass by accident into my eyes causing some slight discomfort i was able to claim the full amount of my midnight consultation from my personal accident policy ,yes,no,nil,nil,aia hospitalisation plans are better since the premiums increase by age  unlike prudential where the premiums increase with each claims made aia claims are easier to go about claiming too ,0.0,0.0,1.0,1.0,1.0,0.0,0.0,1.0,0.0,0.0,0.0,1.0,1.0,1.0,1.0,0.0,0.0,0.0,1.0,0.0,0.0,0.0,0.0,1.0,1.0,1.0,1.0,1.0,1.0,0.0,1.0,0.0,0.0,0.0,0.0,0.0,0.0,1.0,0.0,0.0,0.0,0.0
22 to 36 years old,,no income,yes,not sure,parents,yes,for future precautions,"affordability;coverage;convenience (eg. easy to buy, easy to claim);clarity of policy",,sickness;death;accident;travel;pandemic;disability;housing/property,,yes,not sure,nil,nil,,0.0,0.0,0.0,0.0,0.0,0.0,1.0,0.0,1.0,0.0,0.0,1.0,0.0,1.0,1.0,1.0,0.0,0.0,1.0,0.0,0.0,0.0,0.0,1.0,1.0,1.0,1.0,1.0,1.0,0.0,1.0,0.0,0.0,0.0,0.0,0.0,0.0,1.0,0.0,0.0,0.0,0.0
21 years old and under,,no income,yes,life insurance;health insurance;travel insurance,parents,no,,,family member(s) have already bought it for you,sickness;death;accident;travel;disability;housing/property,no accident thank god,yes,not sure,nil,nil,,1.0,0.0,1.0,0.0,1.0,0.0,0.0,0.0,1.0,0.0,0.0,0.0,0.0,0.0,0.0,0.0,0.0,0.0,0.0,0.0,0.0,0.0,1.0,1.0,1.0,1.0,1.0,0.0,1.0,0.0,1.0,0.0,0.0,0.0,0.0,0.0,0.0,1.0,0.0,0.0,0.0,0.0
22 to 36 years old,student,"$25,000 and below",no,nil,nil,yes,for future precautions,affordability;coverage;clarity of policy,,sickness;accident;travel;housing/property,never had such a situation,yes,no,nil,nil,not familiar,0.0,0.0,0.0,0.0,0.0,0.0,0.0,0.0,0.0,0.0,0.0,1.0,0.0,1.0,1.0,1.0,0.0,0.0,0.0,0.0,0.0,0.0,0.0,1.0,0.0,1.0,1.0,0.0,0.0,0.0,1.0,0.0,0.0,0.0,0.0,0.0,0.0,1.0,0.0,0.0,0.0,0.0
21 years old and under,student,no income,yes,life insurance;motor/vehicle insurance;health insurance,parents,yes,for investment purposes;for future precautions,"affordability;coverage;customer service;multi policy discounts;convenience (eg. easy to buy, easy to claim);clarity of policy",,sickness;death;accident;travel;pandemic;fraud;disability;housing/property,get into an unexpected car accident and suffers injuries ,yes,yes,not sure,yes,im not sure what their policies are my insurance is bought by my dad ,1.0,1.0,1.0,0.0,0.0,0.0,0.0,0.0,1.0,0.0,0.0,1.0,1.0,1.0,1.0,1.0,1.0,1.0,1.0,0.0,0.0,0.0,0.0,1.0,1.0,1.0,1.0,1.0,1.0,1.0,1.0,0.0,0.0,0.0,0.0,0.0,0.0,0.0,1.0,0.0,0.0,0.0
22 to 36 years old,student,"$25,000 and below",yes,life insurance;health insurance,parents,yes,for future precautions,"affordability;coverage;multi policy discounts;convenience (eg. easy to buy, easy to claim);clarity of policy",,sickness;death;accident;travel;pandemic;fraud;disability;housing/property,in the case of any hospitalization or unforeseen travel circumstances ie natural disasters ,yes,not sure,nil,nil,,1.0,0.0,1.0,0.0,0.0,0.0,0.0,0.0,1.0,0.0,0.0,1.0,0.0,1.0,1.0,1.0,1.0,0.0,1.0,0.0,0.0,0.0,0.0,1.0,1.0,1.0,1.0,1.0,1.0,1.0,1.0,0.0,0.0,0.0,0.0,0.0,0.0,1.0,0.0,0.0,0.0,0.0
21 years old and under,student,no income,yes,health insurance;not sure,parents,yes,for future precautions,"affordability;coverage;convenience (eg. easy to buy, easy to claim);clarity of policy",,death;accident;disability;housing/property,if i got into an accident and cannot pay,yes,not sure,nil,yes,their policies seems good,0.0,0.0,1.0,0.0,0.0,0.0,1.0,0.0,1.0,0.0,0.0,1.0,0.0,1.0,1.0,1.0,0.0,0.0,1.0,0.0,0.0,0.0,0.0,0.0,1.0,1.0,0.0,0.0,1.0,0.0,1.0,0.0,0.0,0.0,0.0,0.0,0.0,1.0,0.0,0.0,0.0,0.0
21 years old and under,student,"$25,000 and below",no,not sure,nil,no,,,ficial difficulties;lack of information,sickness;death;accident;travel;housing/property,crisis,yes,no,nil,nil,,0.0,0.0,0.0,0.0,0.0,0.0,1.0,0.0,0.0,0.0,0.0,0.0,0.0,0.0,0.0,0.0,0.0,0.0,0.0,1.0,1.0,0.0,0.0,1.0,1.0,1.0,1.0,0.0,0.0,0.0,1.0,0.0,0.0,0.0,0.0,0.0,0.0,1.0,0.0,0.0,0.0,0.0
21 years old and under,,no income,no,nil,nil,no,,,lack of information,death;accident;travel;pandemic,falling sick overseas,yes,no,nil,nil,,0.0,0.0,0.0,0.0,0.0,0.0,0.0,0.0,0.0,0.0,0.0,0.0,0.0,0.0,0.0,0.0,0.0,0.0,0.0,0.0,1.0,0.0,0.0,0.0,1.0,1.0,1.0,1.0,0.0,0.0,0.0,0.0,0.0,0.0,0.0,0.0,0.0,1.0,0.0,0.0,0.0,0.0
21 years old and under,student,no income,yes,health insurance,parents,yes,for future precautions,"affordability;coverage;convenience (eg. easy to buy, easy to claim);clarity of policy",,sickness;travel;fraud;disability;housing/property,an unforeseen illness eg cancer,yes,yes,health insurance,yes,its fairly affordable compared to other insurance companies,0.0,0.0,1.0,0.0,0.0,0.0,0.0,0.0,1.0,0.0,0.0,1.0,0.0,1.0,1.0,1.0,0.0,0.0,1.0,0.0,0.0,0.0,0.0,1.0,0.0,0.0,1.0,0.0,1.0,1.0,1.0,0.0,0.0,1.0,0.0,0.0,0.0,0.0,0.0,0.0,0.0,0.0
22 to 36 years old,student,no income,yes,life insurance;travel insurance,parents,no,,,lack of information;unnecessary;family member(s) have already bought it for you,train breakdown,,yes,yes,life insurance,no,,1.0,0.0,0.0,0.0,1.0,0.0,0.0,0.0,1.0,0.0,0.0,0.0,0.0,0.0,0.0,0.0,0.0,0.0,0.0,0.0,1.0,1.0,1.0,0.0,0.0,0.0,0.0,0.0,0.0,0.0,0.0,1.0,0.0,0.0,0.0,0.0,0.0,0.0,0.0,0.0,0.0,0.0
22 to 36 years old,student,no income,yes,health insurance,myself,yes,for future precautions,"affordability;coverage;customer service;convenience (eg. easy to buy, easy to claim);clarity of policy",,sickness;death;accident;travel;pandemic;fraud;disability;housing/property;gpa insurance,permanent disability affecting my life the insurance pay out would help assist me,yes,yes,health insurance,yes,i dont know need comparison info from other insurance companies,0.0,0.0,1.0,0.0,0.0,0.0,0.0,1.0,0.0,0.0,0.0,1.0,0.0,1.0,1.0,1.0,0.0,1.0,1.0,0.0,0.0,0.0,0.0,1.0,1.0,1.0,1.0,1.0,1.0,1.0,1.0,0.0,0.0,1.0,0.0,0.0,0.0,0.0,0.0,0.0,0.0,0.0
22 to 36 years old,student,no income,no,nil,nil,yes,for investment purposes;for future precautions,"affordability;coverage;convenience (eg. easy to buy, easy to claim)",,sickness;death;accident;fraud;disability;housing/property,when im in need of money to pay off something i didnt prepare for,yes,no,nil,nil,,0.0,0.0,0.0,0.0,0.0,0.0,0.0,0.0,0.0,0.0,0.0,1.0,1.0,1.0,1.0,0.0,0.0,0.0,1.0,0.0,0.0,0.0,0.0,1.0,1.0,1.0,0.0,0.0,1.0,1.0,1.0,0.0,0.0,0.0,0.0,0.0,0.0,1.0,0.0,0.0,0.0,0.0
21 years old and under,student,no income,yes,life insurance;health insurance,myself,no,,,unnecessary,death;fraud;housing/property,freak accidents overseas fire damage to property accidents leading to permanent impediment or disability,yes,no,nil,nil,not sure as i dont have a policy with prudential,1.0,0.0,1.0,0.0,0.0,0.0,0.0,1.0,0.0,0.0,0.0,0.0,0.0,0.0,0.0,0.0,0.0,0.0,0.0,0.0,0.0,1.0,0.0,0.0,1.0,0.0,0.0,0.0,0.0,1.0,1.0,0.0,0.0,0.0,0.0,0.0,0.0,1.0,0.0,0.0,0.0,0.0
22 to 36 years old,student,no income,yes,life insurance;health insurance;savings insurance,myself;parents,no,,,ficial difficulties,fraud;housing/property,hospitalization plan would help for in case of emergencies or accidents ,yes,no,nil,nil,hope to see more interesting policies such as data protection,1.0,0.0,1.0,1.0,0.0,0.0,0.0,1.0,1.0,0.0,0.0,0.0,0.0,0.0,0.0,0.0,0.0,0.0,0.0,1.0,0.0,0.0,0.0,0.0,0.0,0.0,0.0,0.0,0.0,1.0,1.0,0.0,0.0,0.0,0.0,0.0,0.0,1.0,0.0,0.0,0.0,0.0
21 years old and under,student,no income,yes,health insurance,parents,yes,for future precautions,"affordability;coverage;customer service;multi policy discounts;convenience (eg. easy to buy, easy to claim);clarity of policy",,death;accident;travel;disability;housing/property,if i ever get into an accident and have to stay in hospital having insurance can help with the hospital bill,yes,no,nil,nil,,0.0,0.0,1.0,0.0,0.0,0.0,0.0,0.0,1.0,0.0,0.0,1.0,0.0,1.0,1.0,1.0,1.0,1.0,1.0,0.0,0.0,0.0,0.0,0.0,1.0,1.0,1.0,0.0,1.0,0.0,1.0,0.0,0.0,0.0,0.0,0.0,0.0,1.0,0.0,0.0,0.0,0.0
22 to 36 years old,laboratory technologist,"$25,001 to $50,000",yes,health insurance,myself,no,,,family member(s) have already bought it for you,housing/property,,yes,yes,critical illness,yes,,0.0,0.0,1.0,0.0,0.0,0.0,0.0,1.0,0.0,0.0,0.0,0.0,0.0,0.0,0.0,0.0,0.0,0.0,0.0,0.0,0.0,0.0,1.0,0.0,0.0,0.0,0.0,0.0,0.0,0.0,1.0,0.0,0.0,0.0,0.0,0.0,0.0,0.0,0.0,0.0,1.0,0.0
22 to 36 years old,preschool teacher,"$25,001 to $50,000",yes,savings insurance,parents,no,,,family member(s) have already bought it for you,death;accident;travel;disability;housing/property,with medical bills are soaring having an insurance would at least help to cover some portion of the amount ,yes,no,nil,nil,not applicable ,0.0,0.0,0.0,1.0,0.0,0.0,0.0,0.0,1.0,0.0,0.0,0.0,0.0,0.0,0.0,0.0,0.0,0.0,0.0,0.0,0.0,0.0,1.0,0.0,1.0,1.0,1.0,0.0,1.0,0.0,1.0,0.0,0.0,0.0,0.0,0.0,0.0,1.0,0.0,0.0,0.0,0.0
22 to 36 years old,student,no income,yes,health insurance,parents,yes,for investment purposes;for future precautions,"affordability;coverage;convenience (eg. easy to buy, easy to claim);clarity of policy",,sickness;death;accident;disability;housing/property,if i got into an accident and become physically disabled to take care of myself then having critical illness insurance would be helpful to cover my health expenses,yes,no,nil,nil,,0.0,0.0,1.0,0.0,0.0,0.0,0.0,0.0,1.0,0.0,0.0,1.0,1.0,1.0,1.0,1.0,0.0,0.0,1.0,0.0,0.0,0.0,0.0,1.0,1.0,1.0,0.0,0.0,1.0,0.0,1.0,0.0,0.0,0.0,0.0,0.0,0.0,1.0,0.0,0.0,0.0,0.0
21 years old and under,student,"$25,000 and below",yes,not sure,myself;parents,yes,for investment purposes;for future precautions,affordability;coverage;clarity of policy,,sickness;death;accident;pandemic,for example when i got caught in some traffic accident and injured the accident plan could cover a portion of my medical fee,yes,no,nil,nil,,0.0,0.0,0.0,0.0,0.0,0.0,1.0,1.0,1.0,0.0,0.0,1.0,1.0,1.0,1.0,1.0,0.0,0.0,0.0,0.0,0.0,0.0,0.0,1.0,1.0,1.0,0.0,1.0,0.0,0.0,0.0,0.0,0.0,0.0,0.0,0.0,0.0,1.0,0.0,0.0,0.0,0.0
22 to 36 years old,admin executive,"$25,001 to $50,000",yes,health insurance;savings insurance,myself,no,,,unnecessary,death;travel;pandemic;fraud;disability;housing/property,when i am not working for a period due to circumstances  and can get monthly payout from insurance xd,yes,yes,savings insurance;accident,yes,nil,0.0,0.0,1.0,1.0,0.0,0.0,0.0,1.0,0.0,0.0,0.0,0.0,0.0,0.0,0.0,0.0,0.0,0.0,0.0,0.0,0.0,1.0,0.0,0.0,1.0,0.0,1.0,1.0,1.0,1.0,1.0,0.0,0.0,0.0,1.0,0.0,0.0,0.0,0.0,1.0,0.0,0.0
22 to 36 years old,admin executive,"$25,001 to $50,000",yes,health insurance;savings insurance,myself,no,,,unnecessary,death;travel;pandemic;fraud;disability;housing/property,when i am not working for a period due to circumstances  and can get monthly payout from insurance xd,yes,yes,savings insurance;accident,yes,nil,0.0,0.0,1.0,1.0,0.0,0.0,0.0,1.0,0.0,0.0,0.0,0.0,0.0,0.0,0.0,0.0,0.0,0.0,0.0,0.0,0.0,1.0,0.0,0.0,1.0,0.0,1.0,1.0,1.0,1.0,1.0,0.0,0.0,0.0,1.0,0.0,0.0,0.0,0.0,1.0,0.0,0.0
22 to 36 years old,soldier,"$25,001 to $50,000",yes,life insurance;savings insurance,myself,no,,,ficial difficulties,no sure yet,when i die someone get money,yes,no,nil,no,interesting,1.0,0.0,0.0,1.0,0.0,0.0,0.0,1.0,0.0,0.0,0.0,0.0,0.0,0.0,0.0,0.0,0.0,0.0,0.0,1.0,0.0,0.0,0.0,0.0,0.0,0.0,0.0,0.0,0.0,0.0,0.0,0.0,0.0,0.0,0.0,0.0,0.0,1.0,0.0,0.0,0.0,0.0
22 to 36 years old,self employed,"$25,001 to $50,000",yes,life insurance,parents,no,,,ficial difficulties,housing/property,when you are hospitalised or in need of surgery duh,yes,no,nil,nil,stop bugging us to buy,1.0,0.0,0.0,0.0,0.0,0.0,0.0,0.0,1.0,0.0,0.0,0.0,0.0,0.0,0.0,0.0,0.0,0.0,0.0,1.0,0.0,0.0,0.0,0.0,0.0,0.0,0.0,0.0,0.0,0.0,1.0,0.0,0.0,0.0,0.0,0.0,0.0,1.0,0.0,0.0,0.0,0.0
22 to 36 years old,student,no income,yes,life insurance,parents,no,,,ficial difficulties;unnecessary;family member(s) have already bought it for you,sickness;housing/property,having loss a job due to illness loss of income,yes,no,nil,nil,,1.0,0.0,0.0,0.0,0.0,0.0,0.0,0.0,1.0,0.0,0.0,0.0,0.0,0.0,0.0,0.0,0.0,0.0,0.0,1.0,0.0,1.0,1.0,1.0,0.0,0.0,0.0,0.0,0.0,0.0,1.0,0.0,0.0,0.0,0.0,0.0,0.0,1.0,0.0,0.0,0.0,0.0
22 to 36 years old,student,no income,yes,health insurance,parents,no,,,lack of information;family member(s) have already bought it for you,sickness;accident;travel;housing/property,having to undergo a minor operation although i did have a health insurance the coverage was not enough as i had to be hospitalised overnight which adds to the cost ,yes,yes,health insurance,no,currently i do not have much knowledge about the various policies across all insurance companies so i am unable to make a comparison to determine if prudentials plans and policies are better ,0.0,0.0,1.0,0.0,0.0,0.0,0.0,0.0,1.0,0.0,0.0,0.0,0.0,0.0,0.0,0.0,0.0,0.0,0.0,0.0,1.0,0.0,1.0,1.0,0.0,1.0,1.0,0.0,0.0,0.0,1.0,0.0,0.0,1.0,0.0,0.0,0.0,0.0,0.0,0.0,0.0,0.0
22 to 36 years old,student,no income,no,nil,nil,yes,for investment purposes;for future precautions,coverage;clarity of policy,,sickness;death;accident,unexpected hospitalisationsurgery ,yes,no,nil,nil,,0.0,0.0,0.0,0.0,0.0,0.0,0.0,0.0,0.0,0.0,0.0,1.0,1.0,0.0,1.0,1.0,0.0,0.0,0.0,0.0,0.0,0.0,0.0,1.0,1.0,1.0,0.0,0.0,0.0,0.0,0.0,0.0,0.0,0.0,0.0,0.0,0.0,1.0,0.0,0.0,0.0,0.0
22 to 36 years old,student,no income,yes,life insurance;not sure,myself;parents,yes,for future precautions,"affordability;coverage;customer service;convenience (eg. easy to buy, easy to claim);clarity of policy",,sickness;death;accident;travel;fraud;housing/property,when visiting the doctor,yes,no,nil,nil,,1.0,0.0,0.0,0.0,0.0,0.0,1.0,1.0,1.0,0.0,0.0,1.0,0.0,1.0,1.0,1.0,0.0,1.0,1.0,0.0,0.0,0.0,0.0,1.0,1.0,1.0,1.0,0.0,0.0,1.0,1.0,0.0,0.0,0.0,0.0,0.0,0.0,1.0,0.0,0.0,0.0,0.0
22 to 36 years old,student,no income,yes,life insurance;health insurance,myself,no,,,unnecessary,travel;fraud;housing/property,cancelled trip due to covid,yes,no,nil,nil,,1.0,0.0,1.0,0.0,0.0,0.0,0.0,1.0,0.0,0.0,0.0,0.0,0.0,0.0,0.0,0.0,0.0,0.0,0.0,0.0,0.0,1.0,0.0,0.0,0.0,0.0,1.0,0.0,0.0,1.0,1.0,0.0,0.0,0.0,0.0,0.0,0.0,1.0,0.0,0.0,0.0,0.0
22 to 36 years old,student,no income,yes,life insurance;health insurance;savings insurance,parents,no,,,lack of information,sickness;death;accident;travel;pandemic;fraud;disability;housing/property,during an accident ,yes,not sure,nil,nil,,1.0,0.0,1.0,1.0,0.0,0.0,0.0,0.0,1.0,0.0,0.0,0.0,0.0,0.0,0.0,0.0,0.0,0.0,0.0,0.0,1.0,0.0,0.0,1.0,1.0,1.0,1.0,1.0,1.0,1.0,1.0,0.0,0.0,0.0,0.0,0.0,0.0,1.0,0.0,0.0,0.0,0.0
22 to 36 years old,student,no income,yes,savings insurance,myself,no,,,ficial difficulties,sickness;death;accident;disability,money coverage ,yes,not sure,not sure,,,0.0,0.0,0.0,1.0,0.0,0.0,0.0,1.0,0.0,0.0,0.0,0.0,0.0,0.0,0.0,0.0,0.0,0.0,0.0,1.0,0.0,0.0,0.0,1.0,1.0,1.0,0.0,0.0,1.0,0.0,0.0,0.0,0.0,0.0,0.0,0.0,0.0,0.0,1.0,0.0,0.0,0.0
22 to 36 years old,ficial consultant,"$50,001 to $100,000",yes,life insurance;health insurance;investment insurance;savings insurance,myself;parents,yes,for investment purposes;for future precautions,"affordability;coverage;convenience (eg. easy to buy, easy to claim);clarity of policy",,relationships ,after a girl cheat on me ill get a lump sum of money to eat hai di lao and cry ,yes,no,nil,nil,,1.0,0.0,1.0,1.0,0.0,1.0,0.0,1.0,1.0,0.0,0.0,1.0,1.0,1.0,1.0,1.0,0.0,0.0,1.0,0.0,0.0,0.0,0.0,0.0,0.0,0.0,0.0,0.0,0.0,0.0,0.0,0.0,0.0,0.0,0.0,0.0,0.0,1.0,0.0,0.0,0.0,0.0
21 years old and under,student,no income,no,nil,nil,no,,,lack of information;unnecessary,sickness;accident;travel;pandemic;housing/property,covering costs of health treatments,yes,no,nil,nil,,0.0,0.0,0.0,0.0,0.0,0.0,0.0,0.0,0.0,0.0,0.0,0.0,0.0,0.0,0.0,0.0,0.0,0.0,0.0,0.0,1.0,1.0,0.0,1.0,0.0,1.0,1.0,1.0,0.0,0.0,1.0,0.0,0.0,0.0,0.0,0.0,0.0,1.0,0.0,0.0,0.0,0.0
22 to 36 years old,student,no income,yes,health insurance,parents,yes,for investment purposes;for future precautions,"coverage;convenience (eg. easy to buy, easy to claim);clarity of policy",,death;accident,accident hospitalize ,yes,yes,health insurance,yes,,0.0,0.0,1.0,0.0,0.0,0.0,0.0,0.0,1.0,0.0,0.0,1.0,1.0,0.0,1.0,1.0,0.0,0.0,1.0,0.0,0.0,0.0,0.0,0.0,1.0,1.0,0.0,0.0,0.0,0.0,0.0,0.0,0.0,1.0,0.0,0.0,0.0,0.0,0.0,0.0,0.0,0.0
21 years old and under,student,"$25,000 and below",yes,health insurance,parents,no,,,family member(s) have already bought it for you,sickness,when unforeseen things happen,yes,not sure,nil,nil,,0.0,0.0,1.0,0.0,0.0,0.0,0.0,0.0,1.0,0.0,0.0,0.0,0.0,0.0,0.0,0.0,0.0,0.0,0.0,0.0,0.0,0.0,1.0,1.0,0.0,0.0,0.0,0.0,0.0,0.0,0.0,0.0,0.0,0.0,0.0,0.0,0.0,1.0,0.0,0.0,0.0,0.0
22 to 36 years old,student,no income,yes,life insurance;health insurance,parents,no,,,unnecessary;family member(s) have already bought it for you,sickness;death;accident;travel;unemployment ,i tore my acl and my insurance paid for the surgery,yes,yes,life insurance;health insurance;travel insurance,yes,,1.0,0.0,1.0,0.0,0.0,0.0,0.0,0.0,1.0,0.0,0.0,0.0,0.0,0.0,0.0,0.0,0.0,0.0,0.0,0.0,0.0,1.0,1.0,1.0,1.0,1.0,1.0,0.0,0.0,0.0,0.0,1.0,0.0,1.0,0.0,1.0,0.0,0.0,0.0,0.0,0.0,0.0
22 to 36 years old,student,"$25,000 and below",yes,life insurance;motor/vehicle insurance;health insurance,myself;parents,no,,,unnecessary,travel;pandemic;disability;housing/property,none so far,yes,no,nil,nil,,1.0,1.0,1.0,0.0,0.0,0.0,0.0,1.0,1.0,0.0,0.0,0.0,0.0,0.0,0.0,0.0,0.0,0.0,0.0,0.0,0.0,1.0,0.0,0.0,0.0,0.0,1.0,1.0,1.0,0.0,1.0,0.0,0.0,0.0,0.0,0.0,0.0,1.0,0.0,0.0,0.0,0.0
22 to 36 years old,,no income,yes,life insurance;health insurance;travel insurance,parents,yes,for future precautions,"coverage;convenience (eg. easy to buy, easy to claim);clarity of policy",,accident;travel,health insurance to cover medical bills,yes,no,nil,nil,,1.0,0.0,1.0,0.0,1.0,0.0,0.0,0.0,1.0,0.0,0.0,1.0,0.0,0.0,1.0,1.0,0.0,0.0,1.0,0.0,0.0,0.0,0.0,0.0,0.0,1.0,1.0,0.0,0.0,0.0,0.0,0.0,0.0,0.0,0.0,0.0,0.0,1.0,0.0,0.0,0.0,0.0
22 to 36 years old,student,no income,yes,life insurance;not sure,myself;parents,yes,for future precautions,"affordability;coverage;customer service;convenience (eg. easy to buy, easy to claim);clarity of policy",,sickness;death;accident;travel;fraud;housing/property,when visiting the doctor,yes,no,nil,nil,,1.0,0.0,0.0,0.0,0.0,0.0,1.0,1.0,1.0,0.0,0.0,1.0,0.0,1.0,1.0,1.0,0.0,1.0,1.0,0.0,0.0,0.0,0.0,1.0,1.0,1.0,1.0,0.0,0.0,1.0,1.0,0.0,0.0,0.0,0.0,0.0,0.0,1.0,0.0,0.0,0.0,0.0
22 to 36 years old,admin & logistics,"$25,000 and below",yes,life insurance;health insurance;savings insurance,parents,no,,,family member(s) have already bought it for you,housing/property,,yes,yes,life insurance;savings insurance,no,,1.0,0.0,1.0,1.0,0.0,0.0,0.0,0.0,1.0,0.0,0.0,0.0,0.0,0.0,0.0,0.0,0.0,0.0,0.0,0.0,0.0,0.0,1.0,0.0,0.0,0.0,0.0,0.0,0.0,0.0,1.0,1.0,0.0,0.0,1.0,0.0,0.0,0.0,0.0,0.0,0.0,0.0
22 to 36 years old,student,"$25,000 and below",yes,life insurance;health insurance;savings insurance,parents,no,,,ficial difficulties;family member(s) have already bought it for you,death;accident;disability;housing/property,going to a hospital with fees waived off,yes,yes,not sure,yes,,1.0,0.0,1.0,1.0,0.0,0.0,0.0,0.0,1.0,0.0,0.0,0.0,0.0,0.0,0.0,0.0,0.0,0.0,0.0,1.0,0.0,0.0,1.0,0.0,1.0,1.0,0.0,0.0,1.0,0.0,1.0,0.0,0.0,0.0,0.0,0.0,0.0,0.0,1.0,0.0,0.0,0.0
22 to 36 years old,student,"$25,000 and below",yes,life insurance;health insurance;savings insurance,myself;parents,yes,for investment purposes;for future precautions,affordability;coverage;multi policy discounts;clarity of policy,,sickness;death;accident;travel;pandemic;fraud;disability,claiming lost and damaged items while travelling ,yes,no,nil,nil,,1.0,0.0,1.0,1.0,0.0,0.0,0.0,1.0,1.0,0.0,0.0,1.0,1.0,1.0,1.0,1.0,1.0,0.0,0.0,0.0,0.0,0.0,0.0,1.0,1.0,1.0,1.0,1.0,1.0,1.0,0.0,0.0,0.0,0.0,0.0,0.0,0.0,1.0,0.0,0.0,0.0,0.0
22 to 36 years old,student,no income,yes,life insurance;health insurance,parents,yes,for investment purposes,affordability;coverage;clarity of policy,,sickness;death;accident;savings/investment-related,i was previously down with appendicitis and had to stay in the hospital for surgery thanks to the health insurance that my parents bought for me i was able to stay in a single bed ward and was able to request for a consultant doctor to perform the surgery the overall expenses incurred were all claimable from the insurance package that my parents bought if not for the insurance i would not have a comfortable stay at the hospital and my parents have to worry about the ficial costs of the surgery ,yes,not sure,nil,nil,,1.0,0.0,1.0,0.0,0.0,0.0,0.0,0.0,1.0,0.0,0.0,0.0,1.0,1.0,1.0,1.0,0.0,0.0,0.0,0.0,0.0,0.0,0.0,1.0,1.0,1.0,0.0,0.0,0.0,0.0,0.0,0.0,0.0,0.0,0.0,0.0,0.0,1.0,0.0,0.0,0.0,0.0
22 to 36 years old,student,no income,yes,health insurance;not sure,parents,yes,for future precautions,"affordability;coverage;customer service;multi policy discounts;convenience (eg. easy to buy, easy to claim);clarity of policy",,sickness;death;accident;travel;pandemic;fraud;disability;housing/property,accident ,yes,no,nil,nil,,0.0,0.0,1.0,0.0,0.0,0.0,1.0,0.0,1.0,0.0,0.0,1.0,0.0,1.0,1.0,1.0,1.0,1.0,1.0,0.0,0.0,0.0,0.0,1.0,1.0,1.0,1.0,1.0,1.0,1.0,1.0,0.0,0.0,0.0,0.0,0.0,0.0,1.0,0.0,0.0,0.0,0.0
22 to 36 years old,cleaner,"$25,000 and below",no,nil,nil,yes,for future precautions,"affordability;coverage;customer service;multi policy discounts;convenience (eg. easy to buy, easy to claim);clarity of policy",,sickness;death;accident;travel;pandemic;fraud;disability;housing/property, ,yes,no,nil,nil, ,0.0,0.0,0.0,0.0,0.0,0.0,0.0,0.0,0.0,0.0,0.0,1.0,0.0,1.0,1.0,1.0,1.0,1.0,1.0,0.0,0.0,0.0,0.0,1.0,1.0,1.0,1.0,1.0,1.0,1.0,1.0,0.0,0.0,0.0,0.0,0.0,0.0,1.0,0.0,0.0,0.0,0.0
22 to 36 years old,real estate agent,"$50,001 to $100,000",yes,health insurance,myself,no,,,unnecessary,sickness;death;accident;travel;pandemic;fraud;disability;housing/property,travel insurance ,yes,no,nil,no,,0.0,0.0,1.0,0.0,0.0,0.0,0.0,1.0,0.0,0.0,0.0,0.0,0.0,0.0,0.0,0.0,0.0,0.0,0.0,0.0,0.0,1.0,0.0,1.0,1.0,1.0,1.0,1.0,1.0,1.0,1.0,0.0,0.0,0.0,0.0,0.0,0.0,1.0,0.0,0.0,0.0,0.0
22 to 36 years old,student,no income,yes,health insurance,parents,no,,,ficial difficulties;lack of information;family member(s) have already bought it for you,sickness;death;accident;travel;disability;housing/property,,yes,yes,personal accident insurance,no,prudential is a company that most people sign up with the earn quick cash they sell insurance and get out of the industry in a few years so maybe they should focus on hiring agents who retain their relationship with their insurance clients long term,0.0,0.0,1.0,0.0,0.0,0.0,0.0,0.0,1.0,0.0,0.0,0.0,0.0,0.0,0.0,0.0,0.0,0.0,0.0,1.0,1.0,0.0,1.0,1.0,1.0,1.0,1.0,0.0,1.0,0.0,1.0,0.0,0.0,0.0,0.0,0.0,0.0,0.0,0.0,1.0,0.0,1.0
21 years old and under,student,no income,yes,health insurance;travel insurance,school,no,,,ficial difficulties;lack of information;family member(s) have already bought it for you,accident;travel;fraud;housing/property,hitting someone or their cars on the road,yes,not sure,life insurance,nil,,0.0,0.0,1.0,0.0,1.0,0.0,0.0,0.0,0.0,0.0,1.0,0.0,0.0,0.0,0.0,0.0,0.0,0.0,0.0,1.0,1.0,0.0,1.0,0.0,0.0,1.0,1.0,0.0,0.0,1.0,1.0,1.0,0.0,0.0,0.0,0.0,0.0,0.0,0.0,0.0,0.0,0.0
22 to 36 years old,ascd,"$25,001 to $50,000",yes,life insurance;health insurance,myself,yes,for future precautions,affordability,,travel,,no,no,life insurance,no,scacasacxssssssssssssss,1.0,0.0,1.0,0.0,0.0,0.0,0.0,1.0,0.0,0.0,0.0,1.0,0.0,1.0,0.0,0.0,0.0,0.0,0.0,0.0,0.0,0.0,0.0,0.0,0.0,0.0,1.0,0.0,0.0,0.0,0.0,1.0,0.0,0.0,0.0,0.0,0.0,0.0,0.0,0.0,0.0,0.0
21 years old and under,student,no income,no,nil,nil,no,,,ficial difficulties;lack of information;family member(s) have already bought it for you,accident;travel;pandemic,it was  years ago when my family went to australia for holiday we rented a vehicle for us to move between places i remember the incident occurs in the evening time where the visibility was not as good as compared to the daytime while we were driving to our destination our vehicle knocks onto a kangaroo which resulted in some dent and cracks at the front of the vehicle luckily we bought insurance beforehand and this benefited us as we do not have to fork out thousands of dollars ,yes,not sure,nil,nil,i do not know much about insurance and what they are as i am lazy to read up maybe prudential could find some ways to reach out like school talk or something,0.0,0.0,0.0,0.0,0.0,0.0,0.0,0.0,0.0,0.0,0.0,0.0,0.0,0.0,0.0,0.0,0.0,0.0,0.0,1.0,1.0,0.0,1.0,0.0,0.0,1.0,1.0,1.0,0.0,0.0,0.0,0.0,0.0,0.0,0.0,0.0,0.0,1.0,0.0,0.0,0.0,0.0
22 to 36 years old,student,no income,yes,life insurance;health insurance,parents,yes,for investment purposes,"affordability;coverage;customer service;convenience (eg. easy to buy, easy to claim);clarity of policy",,pandemic;fraud,so far i havent claim anything from my insurance company yet but i guess knowing that im insured for whatever that may happen to me in the future had helped me to pursue my interest and hobbies ,yes,yes,life insurance;health insurance,yes,to have cheaper alternatives for all policies from life health to travel and investment would increase the chance of us buying as i am still a student i do not have a monthly income so it is hard for me to pay for the monthly premiums ,1.0,0.0,1.0,0.0,0.0,0.0,0.0,0.0,1.0,0.0,0.0,0.0,1.0,1.0,1.0,1.0,0.0,1.0,1.0,0.0,0.0,0.0,0.0,0.0,0.0,0.0,0.0,1.0,0.0,1.0,0.0,1.0,0.0,1.0,0.0,0.0,0.0,0.0,0.0,0.0,0.0,0.0
22 to 36 years old,student,no income,yes,not sure,parents,no,,,ficial difficulties;lack of information;family member(s) have already bought it for you,pandemic;fraud;disability,since young my parent bought for me a saving plan which they have to give a monthly payment for around or  years but i cannot remember the exact years at the end of the saving plan i am able to received a lump sum of money this lump sum of money will be used to pay off my university loan when i graduate,yes,no,nil,nil,the prudential marina bay carnival i really enjoy the experience there i guess one suggestion could be finding ways to integrate insurance and the games over at the carnival,0.0,0.0,0.0,0.0,0.0,0.0,1.0,0.0,1.0,0.0,0.0,0.0,0.0,0.0,0.0,0.0,0.0,0.0,0.0,1.0,1.0,0.0,1.0,0.0,0.0,0.0,0.0,1.0,1.0,1.0,0.0,0.0,0.0,0.0,0.0,0.0,0.0,1.0,0.0,0.0,0.0,0.0
22 to 36 years old,student,"$25,000 and below",yes,not sure,parents,yes,for investment purposes,"affordability;convenience (eg. easy to buy, easy to claim);clarity of policy",,death;pandemic;fraud,a situation where it is not expected such as natural disaster or pandemic outbreak ,yes,yes,life insurance,yes,better agents better service,0.0,0.0,0.0,0.0,0.0,0.0,1.0,0.0,1.0,0.0,0.0,0.0,1.0,1.0,0.0,1.0,0.0,0.0,1.0,0.0,0.0,0.0,0.0,0.0,1.0,0.0,0.0,1.0,0.0,1.0,0.0,1.0,0.0,0.0,0.0,0.0,0.0,0.0,0.0,0.0,0.0,0.0
22 to 36 years old,manager,"$50,001 to $100,000",yes,life insurance;motor/vehicle insurance;health insurance;investment insurance;savings insurance,myself;parents,no,,,unnecessary,travel;pandemic;fraud,buying a savings plan in the early  really help me in my ficial the sum i will be getting will help me to reduce my children monthly expense such as tuition fee in the future,yes,no,nil,no,the prudential marina bay event was really a good way to promote prudentials branding my whole family really enjoy it and looking forward for the next carnival but to be honest is was kind of pricey ,1.0,1.0,1.0,1.0,0.0,1.0,0.0,1.0,1.0,0.0,0.0,0.0,0.0,0.0,0.0,0.0,0.0,0.0,0.0,0.0,0.0,1.0,0.0,0.0,0.0,0.0,1.0,1.0,0.0,1.0,0.0,0.0,0.0,0.0,0.0,0.0,0.0,1.0,0.0,0.0,0.0,0.0
22 to 36 years old,student,no income,yes,life insurance;health insurance,parents,no,,,lack of information;unnecessary;family member(s) have already bought it for you,pandemic;fraud,sudden flight cancellation due to pandemic,yes,yes,life insurance;investment insurance;savings insurance,yes,more targeted towards young people,1.0,0.0,1.0,0.0,0.0,0.0,0.0,0.0,1.0,0.0,0.0,0.0,0.0,0.0,0.0,0.0,0.0,0.0,0.0,0.0,1.0,1.0,1.0,0.0,0.0,0.0,0.0,1.0,0.0,1.0,0.0,1.0,0.0,0.0,1.0,0.0,1.0,0.0,0.0,0.0,0.0,0.0
22 to 36 years old,student,no income,yes,life insurance,parents,no,,,lack of information;family member(s) have already bought it for you,housing/property,if i suddenly get diagnosed with cancer can help me for my surgery fees,yes,not sure,nil,nil,expensive maybe can have different tiers for different income level,1.0,0.0,0.0,0.0,0.0,0.0,0.0,0.0,1.0,0.0,0.0,0.0,0.0,0.0,0.0,0.0,0.0,0.0,0.0,0.0,1.0,0.0,1.0,0.0,0.0,0.0,0.0,0.0,0.0,0.0,1.0,0.0,0.0,0.0,0.0,0.0,0.0,1.0,0.0,0.0,0.0,0.0
22 to 36 years old,student,no income,yes,life insurance;health insurance,parents,no,,,lack of information;family member(s) have already bought it for you,fraud,maybe when i go online shopping but my goods do not arrive ,yes,not sure,not sure,nil,maybe more roadshows to tell me what policies they have i have no idea what policies they have and what are the coverage some of the terms are also very technical which i do not understand need someone to explain to me,1.0,0.0,1.0,0.0,0.0,0.0,0.0,0.0,1.0,0.0,0.0,0.0,0.0,0.0,0.0,0.0,0.0,0.0,0.0,0.0,1.0,0.0,1.0,0.0,0.0,0.0,0.0,0.0,0.0,1.0,0.0,0.0,0.0,0.0,0.0,0.0,0.0,0.0,1.0,0.0,0.0,0.0
22 to 36 years old,student,no income,yes,life insurance;health insurance,parents,no,,,family member(s) have already bought it for you,pandemic (covid),when a pandemic like covid strikes again it would be really useful if i were to lose my job,yes,not sure,not sure,nil, ,1.0,0.0,1.0,0.0,0.0,0.0,0.0,0.0,1.0,0.0,0.0,0.0,0.0,0.0,0.0,0.0,0.0,0.0,0.0,0.0,0.0,0.0,1.0,0.0,0.0,0.0,0.0,1.0,0.0,0.0,0.0,0.0,0.0,0.0,0.0,0.0,0.0,0.0,1.0,0.0,0.0,0.0
21 years old and under,student,no income,yes,life insurance,parents,yes,for future precautions,"affordability;coverage;convenience (eg. easy to buy, easy to claim);clarity of policy",,fraud,fraud for bank transactions,yes,yes,life insurance;health insurance,no,to have cheaper premiums,1.0,0.0,0.0,0.0,0.0,0.0,0.0,0.0,1.0,0.0,0.0,1.0,0.0,1.0,1.0,1.0,0.0,0.0,1.0,0.0,0.0,0.0,0.0,0.0,0.0,0.0,0.0,0.0,0.0,1.0,0.0,1.0,0.0,1.0,0.0,0.0,0.0,0.0,0.0,0.0,0.0,0.0
22 to 36 years old,student,no income,yes,life insurance;health insurance,parents,no,,,unnecessary;family member(s) have already bought it for you,pandemic;cybersecurity ,it would be useful if my bank account were to get hacked,yes,no,nil,nil,,1.0,0.0,1.0,0.0,0.0,0.0,0.0,0.0,1.0,0.0,0.0,0.0,0.0,0.0,0.0,0.0,0.0,0.0,0.0,0.0,0.0,1.0,1.0,0.0,0.0,0.0,0.0,1.0,0.0,0.0,0.0,0.0,0.0,0.0,0.0,0.0,0.0,1.0,0.0,0.0,0.0,0.0
22 to 36 years old,student,no income,no,nil,nil,no,,,ficial difficulties;unnecessary,pandemic,covid situation that is happening now,yes,no,nil,nil,,0.0,0.0,0.0,0.0,0.0,0.0,0.0,0.0,0.0,0.0,0.0,0.0,0.0,0.0,0.0,0.0,0.0,0.0,0.0,1.0,0.0,1.0,0.0,0.0,0.0,0.0,0.0,1.0,0.0,0.0,0.0,0.0,0.0,0.0,0.0,0.0,0.0,1.0,0.0,0.0,0.0,0.0
22 to 36 years old,technical officer,"$25,001 to $50,000",yes,life insurance;health insurance;savings insurance,myself,yes,for investment purposes;for future precautions,affordability;coverage,,accident,,yes,no,nil,nil,,1.0,0.0,1.0,1.0,0.0,0.0,0.0,1.0,0.0,0.0,0.0,1.0,1.0,1.0,1.0,0.0,0.0,0.0,0.0,0.0,0.0,0.0,0.0,0.0,0.0,1.0,0.0,0.0,0.0,0.0,0.0,0.0,0.0,0.0,0.0,0.0,0.0,1.0,0.0,0.0,0.0,0.0
22 to 36 years old,student,no income,yes,life insurance,parents,no,,,family member(s) have already bought it for you,travel;pandemic,,yes,yes,health insurance,yes,its coverage is comprehensive,1.0,0.0,0.0,0.0,0.0,0.0,0.0,0.0,1.0,0.0,0.0,0.0,0.0,0.0,0.0,0.0,0.0,0.0,0.0,0.0,0.0,0.0,1.0,0.0,0.0,0.0,1.0,1.0,0.0,0.0,0.0,0.0,0.0,1.0,0.0,0.0,0.0,0.0,0.0,0.0,0.0,0.0
22 to 36 years old,student,no income,yes,life insurance,parents,no,,,family member(s) have already bought it for you,pandemic;housing/property,accidents,yes,yes,life insurance,no,i do not really know much of their insurance because i do not buy them myself maybe they can post on their social media some key points of their policies so that i can understand their policies better,1.0,0.0,0.0,0.0,0.0,0.0,0.0,0.0,1.0,0.0,0.0,0.0,0.0,0.0,0.0,0.0,0.0,0.0,0.0,0.0,0.0,0.0,1.0,0.0,0.0,0.0,0.0,1.0,0.0,0.0,1.0,1.0,0.0,0.0,0.0,0.0,0.0,0.0,0.0,0.0,0.0,0.0
21 years old and under,student,no income,yes,life insurance;health insurance;travel insurance,parents,no,,,lack of information;family member(s) have already bought it for you,fraud,pickpocket,yes,not sure,not sure,no,expensive for me as a student maybe can have monthly subscription plans,1.0,0.0,1.0,0.0,1.0,0.0,0.0,0.0,1.0,0.0,0.0,0.0,0.0,0.0,0.0,0.0,0.0,0.0,0.0,0.0,1.0,0.0,1.0,0.0,0.0,0.0,0.0,0.0,0.0,1.0,0.0,0.0,0.0,0.0,0.0,0.0,0.0,0.0,1.0,0.0,0.0,0.0
21 years old and under,student,no income,yes,life insurance,parents,yes,for future precautions,"affordability;coverage;customer service;convenience (eg. easy to buy, easy to claim);clarity of policy",,pandemic;fraud;housing/property,if i lose an asset that is expensive eg gold,yes,yes,life insurance,no,have more categories and types of insurance for different age groups,1.0,0.0,0.0,0.0,0.0,0.0,0.0,0.0,1.0,0.0,0.0,1.0,0.0,1.0,1.0,1.0,0.0,1.0,1.0,0.0,0.0,0.0,0.0,0.0,0.0,0.0,0.0,1.0,0.0,1.0,1.0,1.0,0.0,0.0,0.0,0.0,0.0,0.0,0.0,0.0,0.0,0.0
21 years old and under,student,no income,no,nil,nil,no,,,lack of information,pandemic;fraud,covid,yes,no,nil,nil,,0.0,0.0,0.0,0.0,0.0,0.0,0.0,0.0,0.0,0.0,0.0,0.0,0.0,0.0,0.0,0.0,0.0,0.0,0.0,0.0,1.0,0.0,0.0,0.0,0.0,0.0,0.0,1.0,0.0,1.0,0.0,0.0,0.0,0.0,0.0,0.0,0.0,1.0,0.0,0.0,0.0,0.0
22 to 36 years old,student,no income,yes,investment insurance,myself,yes,for investment purposes,"affordability;multi policy discounts;convenience (eg. easy to buy, easy to claim);clarity of policy",,pandemic,definitely a pandemic many people lose their jobs in this difficult time,yes,yes,investment insurance,yes,,0.0,0.0,0.0,0.0,0.0,1.0,0.0,1.0,0.0,0.0,0.0,0.0,1.0,1.0,0.0,1.0,1.0,0.0,1.0,0.0,0.0,0.0,0.0,0.0,0.0,0.0,0.0,1.0,0.0,0.0,0.0,0.0,0.0,0.0,0.0,0.0,1.0,0.0,0.0,0.0,0.0,0.0
22 to 36 years old,student,no income,yes,health insurance,parents,no,,,unnecessary,fraud,in this cyberworld frauds might be a problem,yes,not sure,not sure,nil,,0.0,0.0,1.0,0.0,0.0,0.0,0.0,0.0,1.0,0.0,0.0,0.0,0.0,0.0,0.0,0.0,0.0,0.0,0.0,0.0,0.0,1.0,0.0,0.0,0.0,0.0,0.0,0.0,0.0,1.0,0.0,0.0,0.0,0.0,0.0,0.0,0.0,0.0,1.0,0.0,0.0,0.0
22 to 36 years old,student,no income,yes,life insurance;health insurance,parents,no,,,ficial difficulties;lack of information,fraud;housing/property,,yes,no,nil,nil,,1.0,0.0,1.0,0.0,0.0,0.0,0.0,0.0,1.0,0.0,0.0,0.0,0.0,0.0,0.0,0.0,0.0,0.0,0.0,1.0,1.0,0.0,0.0,0.0,0.0,0.0,0.0,0.0,0.0,1.0,1.0,0.0,0.0,0.0,0.0,0.0,0.0,1.0,0.0,0.0,0.0,0.0
22 to 36 years old,student,no income,yes,life insurance;savings insurance,parents,no,,,unnecessary,travel,when covid subsides and the borders are open it might be useful,yes,no,nil,nil,,1.0,0.0,0.0,1.0,0.0,0.0,0.0,0.0,1.0,0.0,0.0,0.0,0.0,0.0,0.0,0.0,0.0,0.0,0.0,0.0,0.0,1.0,0.0,0.0,0.0,0.0,1.0,0.0,0.0,0.0,0.0,0.0,0.0,0.0,0.0,0.0,0.0,1.0,0.0,0.0,0.0,0.0
22 to 36 years old,student,no income,yes,life insurance;health insurance,parents,no,,,unnecessary,fraud,,yes,no,nil,nil,,1.0,0.0,1.0,0.0,0.0,0.0,0.0,0.0,1.0,0.0,0.0,0.0,0.0,0.0,0.0,0.0,0.0,0.0,0.0,0.0,0.0,1.0,0.0,0.0,0.0,0.0,0.0,0.0,0.0,1.0,0.0,0.0,0.0,0.0,0.0,0.0,0.0,1.0,0.0,0.0,0.0,0.0
21 years old and under,student,"$25,000 and below",yes,life insurance;health insurance;savings insurance,parents,no,,,ficial difficulties;lack of information;family member(s) have already bought it for you,micro insurance ,covid,yes,no,nil,nil,offer travel insurance ,1.0,0.0,1.0,1.0,0.0,0.0,0.0,0.0,1.0,0.0,0.0,0.0,0.0,0.0,0.0,0.0,0.0,0.0,0.0,1.0,1.0,0.0,1.0,0.0,0.0,0.0,0.0,0.0,0.0,0.0,0.0,0.0,0.0,0.0,0.0,0.0,0.0,1.0,0.0,0.0,0.0,0.0
21 years old and under,student,no income,yes,life insurance,myself,yes,for investment purposes,"affordability;convenience (eg. easy to buy, easy to claim);clarity of policy",,pandemic;fraud,being scammed,yes,no,nil,nil,have more types,1.0,0.0,0.0,0.0,0.0,0.0,0.0,1.0,0.0,0.0,0.0,0.0,1.0,1.0,0.0,1.0,0.0,0.0,1.0,0.0,0.0,0.0,0.0,0.0,0.0,0.0,0.0,1.0,0.0,1.0,0.0,0.0,0.0,0.0,0.0,0.0,0.0,1.0,0.0,0.0,0.0,0.0
21 years old and under,student,"$25,000 and below",yes,life insurance;motor/vehicle insurance;travel insurance;savings insurance,parents,no,,,ficial difficulties;lack of information;family member(s) have already bought it for you,accident;fraud;housing/property,covid ,yes,no,nil,nil,cheaper prices ,1.0,1.0,0.0,1.0,1.0,0.0,0.0,0.0,1.0,0.0,0.0,0.0,0.0,0.0,0.0,0.0,0.0,0.0,0.0,1.0,1.0,0.0,1.0,0.0,0.0,1.0,0.0,0.0,0.0,1.0,1.0,0.0,0.0,0.0,0.0,0.0,0.0,1.0,0.0,0.0,0.0,0.0
21 years old and under,student,"$25,000 and below",yes,life insurance;health insurance;travel insurance;savings insurance,myself;parents,yes,for investment purposes,"affordability;coverage;multi policy discounts;convenience (eg. easy to buy, easy to claim)",,"investments, everyday insurance",investment ,yes,no,nil,no,investment insurance ,1.0,0.0,1.0,1.0,1.0,0.0,0.0,1.0,1.0,0.0,0.0,0.0,1.0,1.0,1.0,0.0,1.0,0.0,1.0,0.0,0.0,0.0,0.0,0.0,0.0,0.0,0.0,0.0,0.0,0.0,0.0,0.0,0.0,0.0,0.0,0.0,0.0,1.0,0.0,0.0,0.0,0.0
21 years old and under,student,"$25,000 and below",yes,life insurance;health insurance,parents,yes,for investment purposes;for future precautions,affordability;coverage;clarity of policy,,pandemic;fraud;disability,losing my card,yes,no,nil,nil,offer different and unique products,1.0,0.0,1.0,0.0,0.0,0.0,0.0,0.0,1.0,0.0,0.0,1.0,1.0,1.0,1.0,1.0,0.0,0.0,0.0,0.0,0.0,0.0,0.0,0.0,0.0,0.0,0.0,1.0,1.0,1.0,0.0,0.0,0.0,0.0,0.0,0.0,0.0,1.0,0.0,0.0,0.0,0.0
21 years old and under,student,no income,yes,life insurance;health insurance,parents,no,,,family member(s) have already bought it for you,telco,if my wifi gets disrupted i can claim the money used for g,yes,yes,life insurance,yes,they do not stand out maybe do more promotions,1.0,0.0,1.0,0.0,0.0,0.0,0.0,0.0,1.0,0.0,0.0,0.0,0.0,0.0,0.0,0.0,0.0,0.0,0.0,0.0,0.0,0.0,1.0,0.0,0.0,0.0,0.0,0.0,0.0,0.0,0.0,1.0,0.0,0.0,0.0,0.0,0.0,0.0,0.0,0.0,0.0,0.0
22 to 36 years old,student,no income,yes,life insurance;health insurance,parents,yes,for future precautions,"affordability;coverage;customer service;convenience (eg. easy to buy, easy to claim);clarity of policy",,pandemic;fraud;housing/property,when i go travelling then all my plans are disrupted because of pandemic,yes,yes,life insurance,no,no attractive benefits for young people like me,1.0,0.0,1.0,0.0,0.0,0.0,0.0,0.0,1.0,0.0,0.0,1.0,0.0,1.0,1.0,1.0,0.0,1.0,1.0,0.0,0.0,0.0,0.0,0.0,0.0,0.0,0.0,1.0,0.0,1.0,1.0,1.0,0.0,0.0,0.0,0.0,0.0,0.0,0.0,0.0,0.0,0.0
22 to 36 years old,student,no income,no,nil,nil,no,,,lack of information,travel;pandemic;fraud,if i have bought all my overseas tickets including flights then everything gets cancelled because of pandemic or natural disasters,yes,no,nil,nil,more variety of policies to choose from instead of the usual normal ones ntuc income has alot more they have something for grab eg you buy a policy when you think it is going to rain on a certain day and if it really rains ntuc will pay for your grab ride expenses this is really interesting and also beneficial because there are a lot of grab users out there,0.0,0.0,0.0,0.0,0.0,0.0,0.0,0.0,0.0,0.0,0.0,0.0,0.0,0.0,0.0,0.0,0.0,0.0,0.0,0.0,1.0,0.0,0.0,0.0,0.0,0.0,1.0,1.0,0.0,1.0,0.0,0.0,0.0,0.0,0.0,0.0,0.0,1.0,0.0,0.0,0.0,0.0
22 to 36 years old,student,no income,yes,life insurance,parents,no,,,unnecessary;family member(s) have already bought it for you,fraud,ecommerce shopping fraud,yes,yes,life insurance,no,i dont know much about their policies maybe more marketing by then on social media,1.0,0.0,0.0,0.0,0.0,0.0,0.0,0.0,1.0,0.0,0.0,0.0,0.0,0.0,0.0,0.0,0.0,0.0,0.0,0.0,0.0,1.0,1.0,0.0,0.0,0.0,0.0,0.0,0.0,1.0,0.0,1.0,0.0,0.0,0.0,0.0,0.0,0.0,0.0,0.0,0.0,0.0
22 to 36 years old,student,no income,yes,life insurance,parents,yes,for future precautions,"affordability;coverage;customer service;convenience (eg. easy to buy, easy to claim);clarity of policy",,job security,if i lose my job because of pandemic,yes,not sure,not sure,nil,do more online marketing instead of road shows especially during this pandemic ,1.0,0.0,0.0,0.0,0.0,0.0,0.0,0.0,1.0,0.0,0.0,1.0,0.0,1.0,1.0,1.0,0.0,1.0,1.0,0.0,0.0,0.0,0.0,0.0,0.0,0.0,0.0,0.0,0.0,0.0,0.0,0.0,0.0,0.0,0.0,0.0,0.0,0.0,1.0,0.0,0.0,0.0
21 years old and under,student,no income,yes,health insurance,parents,no,,,unnecessary;family member(s) have already bought it for you,travel,when travelling overseas if trips got cancelled due to unforeseen events can claim from insurance,yes,no,nil,nil,ease of search for information about their policies online,0.0,0.0,1.0,0.0,0.0,0.0,0.0,0.0,1.0,0.0,0.0,0.0,0.0,0.0,0.0,0.0,0.0,0.0,0.0,0.0,0.0,1.0,1.0,0.0,0.0,0.0,1.0,0.0,0.0,0.0,0.0,0.0,0.0,0.0,0.0,0.0,0.0,1.0,0.0,0.0,0.0,0.0
22 to 36 years old,student,no income,yes,life insurance;health insurance;investment insurance,myself;parents,no,,,unnecessary,travel;fraud;housing/property,can claim medical fees when seeing doctor,yes,yes,life insurance;health insurance,yes,,1.0,0.0,1.0,0.0,0.0,1.0,0.0,1.0,1.0,0.0,0.0,0.0,0.0,0.0,0.0,0.0,0.0,0.0,0.0,0.0,0.0,1.0,0.0,0.0,0.0,0.0,1.0,0.0,0.0,1.0,1.0,1.0,0.0,1.0,0.0,0.0,0.0,0.0,0.0,0.0,0.0,0.0
21 years old and under,student,no income,yes,health insurance,parents,yes,for future precautions,"affordability;coverage;customer service;multi policy discounts;convenience (eg. easy to buy, easy to claim);clarity of policy",,fraud;telco,fraudulent bank transactionstelco outages,yes,no,nil,nil,,0.0,0.0,1.0,0.0,0.0,0.0,0.0,0.0,1.0,0.0,0.0,1.0,0.0,1.0,1.0,1.0,1.0,1.0,1.0,0.0,0.0,0.0,0.0,0.0,0.0,0.0,0.0,0.0,0.0,1.0,0.0,0.0,0.0,0.0,0.0,0.0,0.0,1.0,0.0,0.0,0.0,0.0
22 to 36 years old,student,"$25,000 and below",yes,life insurance;health insurance,myself,yes,for investment purposes,"coverage;customer service;multi policy discounts;convenience (eg. easy to buy, easy to claim);clarity of policy",,pandemic,when a pandemic like covid strikes again,yes,no,nil,nil,,1.0,0.0,1.0,0.0,0.0,0.0,0.0,1.0,0.0,0.0,0.0,0.0,1.0,0.0,1.0,1.0,1.0,1.0,1.0,0.0,0.0,0.0,0.0,0.0,0.0,0.0,0.0,1.0,0.0,0.0,0.0,0.0,0.0,0.0,0.0,0.0,0.0,1.0,0.0,0.0,0.0,0.0
21 years old and under,student,no income,yes,life insurance;health insurance;travel insurance,parents,yes,for investment purposes,"affordability;coverage;convenience (eg. easy to buy, easy to claim)",,pandemic;fraud;public transport breakdowns,public transport breakdowns,yes,no,nil,nil,public transport breakdown insurance,1.0,0.0,1.0,0.0,1.0,0.0,0.0,0.0,1.0,0.0,0.0,0.0,1.0,1.0,1.0,0.0,0.0,0.0,1.0,0.0,0.0,0.0,0.0,0.0,0.0,0.0,0.0,1.0,0.0,1.0,0.0,0.0,0.0,0.0,0.0,0.0,0.0,1.0,0.0,0.0,0.0,0.0
22 to 36 years old,student,"$25,000 and below",no,nil,nil,no,,,lack of information;unnecessary,housing/property,mrt break down ,yes,not sure,nil,nil,micro insurance,0.0,0.0,0.0,0.0,0.0,0.0,0.0,0.0,0.0,0.0,0.0,0.0,0.0,0.0,0.0,0.0,0.0,0.0,0.0,0.0,1.0,1.0,0.0,0.0,0.0,0.0,0.0,0.0,0.0,0.0,1.0,0.0,0.0,0.0,0.0,0.0,0.0,1.0,0.0,0.0,0.0,0.0
22 to 36 years old,student,no income,yes,health insurance,parents,no,,,family member(s) have already bought it for you,accident;pandemic;fraud,in times of a pandemic,yes,not sure,not sure,nil,,0.0,0.0,1.0,0.0,0.0,0.0,0.0,0.0,1.0,0.0,0.0,0.0,0.0,0.0,0.0,0.0,0.0,0.0,0.0,0.0,0.0,0.0,1.0,0.0,0.0,1.0,0.0,1.0,0.0,1.0,0.0,0.0,0.0,0.0,0.0,0.0,0.0,0.0,1.0,0.0,0.0,0.0
22 to 36 years old,student,no income,no,nil,nil,no,,,unnecessary,accident,,yes,no,nil,nil,,0.0,0.0,0.0,0.0,0.0,0.0,0.0,0.0,0.0,0.0,0.0,0.0,0.0,0.0,0.0,0.0,0.0,0.0,0.0,0.0,0.0,1.0,0.0,0.0,0.0,1.0,0.0,0.0,0.0,0.0,0.0,0.0,0.0,0.0,0.0,0.0,0.0,1.0,0.0,0.0,0.0,0.0
22 to 36 years old,student,no income,yes,health insurance;travel insurance;investment insurance,parents,yes,for investment purposes;for future precautions,"affordability;coverage;convenience (eg. easy to buy, easy to claim)",,death;accident;fraud;disability;housing/property,lost my passport and wallet overseas travel insurance would have helped loads,yes,no,nil,nil,less pushy,0.0,0.0,1.0,0.0,1.0,1.0,0.0,0.0,1.0,0.0,0.0,1.0,1.0,1.0,1.0,0.0,0.0,0.0,1.0,0.0,0.0,0.0,0.0,0.0,1.0,1.0,0.0,0.0,1.0,1.0,1.0,0.0,0.0,0.0,0.0,0.0,0.0,1.0,0.0,0.0,0.0,0.0
21 years old and under,student,no income,yes,health insurance;travel insurance;investment insurance,parents,no,,,ficial difficulties;lack of information;family member(s) have already bought it for you,sickness;death;travel,i fell and broke my arm and medical insurance would have helped lots,yes,no,nil,nil,,0.0,0.0,1.0,0.0,1.0,1.0,0.0,0.0,1.0,0.0,0.0,0.0,0.0,0.0,0.0,0.0,0.0,0.0,0.0,1.0,1.0,0.0,1.0,1.0,1.0,0.0,1.0,0.0,0.0,0.0,0.0,0.0,0.0,0.0,0.0,0.0,0.0,1.0,0.0,0.0,0.0,0.0
22 to 36 years old,student,"$25,000 and below",yes,life insurance;health insurance,parents,yes,for future precautions,affordability;coverage,,sickness,innvestment insurance,yes,yes,life insurance;savings insurance,no,,1.0,0.0,1.0,0.0,0.0,0.0,0.0,0.0,1.0,0.0,0.0,1.0,0.0,1.0,1.0,0.0,0.0,0.0,0.0,0.0,0.0,0.0,0.0,1.0,0.0,0.0,0.0,0.0,0.0,0.0,0.0,1.0,0.0,0.0,1.0,0.0,0.0,0.0,0.0,0.0,0.0,0.0
22 to 36 years old,student,no income,no,nil,nil,no,,,family member(s) have already bought it for you,pandemic,data breach insurance,yes,not sure,nil,nil,more engaging,0.0,0.0,0.0,0.0,0.0,0.0,0.0,0.0,0.0,0.0,0.0,0.0,0.0,0.0,0.0,0.0,0.0,0.0,0.0,0.0,0.0,0.0,1.0,0.0,0.0,0.0,0.0,1.0,0.0,0.0,0.0,0.0,0.0,0.0,0.0,0.0,0.0,1.0,0.0,0.0,0.0,0.0
22 to 36 years old,student,"$25,000 and below",yes,life insurance,parents,yes,peer/family pressure,coverage;customer service;clarity of policy,,housing/property,public transport insurance,yes,yes,life insurance;health insurance,yes,,1.0,0.0,0.0,0.0,0.0,0.0,0.0,0.0,1.0,0.0,0.0,0.0,0.0,0.0,1.0,1.0,0.0,1.0,0.0,0.0,0.0,0.0,0.0,0.0,0.0,0.0,0.0,0.0,0.0,0.0,1.0,1.0,0.0,1.0,0.0,0.0,0.0,0.0,0.0,0.0,0.0,0.0
22 to 36 years old,student,no income,no,nil,nil,no,,,lack of information,death,bite sized insurance,yes,not sure,nil,nil,more interaction with customer,0.0,0.0,0.0,0.0,0.0,0.0,0.0,0.0,0.0,0.0,0.0,0.0,0.0,0.0,0.0,0.0,0.0,0.0,0.0,0.0,1.0,0.0,0.0,0.0,1.0,0.0,0.0,0.0,0.0,0.0,0.0,0.0,0.0,0.0,0.0,0.0,0.0,1.0,0.0,0.0,0.0,0.0
22 to 36 years old,student,no income,no,nil,nil,no,,,ficial difficulties,accident,insurance to cover fraud,yes,not sure,nil,nil,,0.0,0.0,0.0,0.0,0.0,0.0,0.0,0.0,0.0,0.0,0.0,0.0,0.0,0.0,0.0,0.0,0.0,0.0,0.0,1.0,0.0,0.0,0.0,0.0,0.0,1.0,0.0,0.0,0.0,0.0,0.0,0.0,0.0,0.0,0.0,0.0,0.0,1.0,0.0,0.0,0.0,0.0
22 to 36 years old,salesperson,"$25,001 to $50,000",yes,motor/vehicle insurance;health insurance;travel insurance,myself;parents,yes,for future precautions,"affordability;coverage;multi policy discounts;convenience (eg. easy to buy, easy to claim)",,sickness;death;pandemic;housing/property,got into a car accident recently and luckily i was covered by my insurance,yes,no,nil,nil,be more professional,0.0,1.0,1.0,0.0,1.0,0.0,0.0,1.0,1.0,0.0,0.0,1.0,0.0,1.0,1.0,0.0,1.0,0.0,1.0,0.0,0.0,0.0,0.0,1.0,1.0,0.0,0.0,1.0,0.0,0.0,1.0,0.0,0.0,0.0,0.0,0.0,0.0,1.0,0.0,0.0,0.0,0.0
21 years old and under,student,no income,no,nil,nil,yes,for investment purposes;for future precautions,"affordability;coverage;multi policy discounts;convenience (eg. easy to buy, easy to claim);clarity of policy",,sickness;death;accident;travel;pandemic;fraud;disability;housing/property,caught in a big accident that cripples me,yes,no,nil,nil,,0.0,0.0,0.0,0.0,0.0,0.0,0.0,0.0,0.0,0.0,0.0,1.0,1.0,1.0,1.0,1.0,1.0,0.0,1.0,0.0,0.0,0.0,0.0,1.0,1.0,1.0,1.0,1.0,1.0,1.0,1.0,0.0,0.0,0.0,0.0,0.0,0.0,1.0,0.0,0.0,0.0,0.0
22 to 36 years old,accountant,"$25,001 to $50,000",yes,life insurance;health insurance;savings insurance,parents,no,,,ficial difficulties,sickness;death;travel;pandemic;fraud;disability;housing/property,if an accident crippled me insurance would help me pay my bills,yes,no,nil,nil,i think theyre good but they need to be more informative ,1.0,0.0,1.0,1.0,0.0,0.0,0.0,0.0,1.0,0.0,0.0,0.0,0.0,0.0,0.0,0.0,0.0,0.0,0.0,1.0,0.0,0.0,0.0,1.0,1.0,0.0,1.0,1.0,1.0,1.0,1.0,0.0,0.0,0.0,0.0,0.0,0.0,1.0,0.0,0.0,0.0,0.0
22 to 36 years old,student,"$25,000 and below",yes,life insurance;motor/vehicle insurance;health insurance;travel insurance;investment insurance;savings insurance,parents,yes,for investment purposes;for future precautions;peer/family pressure,"coverage;customer service;convenience (eg. easy to buy, easy to claim);clarity of policy",,sickness;death;accident;travel;pandemic;fraud;disability;housing/property,i lost my gucci wallet while overseas along with my hermes handbag without travel insurance my parents would have killed me,yes,no,nil,nil,needs to appeal to the wealthier customers,1.0,1.0,1.0,1.0,1.0,1.0,0.0,0.0,1.0,0.0,0.0,1.0,1.0,0.0,1.0,1.0,0.0,1.0,1.0,0.0,0.0,0.0,0.0,1.0,1.0,1.0,1.0,1.0,1.0,1.0,1.0,0.0,0.0,0.0,0.0,0.0,0.0,1.0,0.0,0.0,0.0,0.0
22 to 36 years old,student,no income,yes,life insurance;health insurance;travel insurance,myself,no,,,ficial difficulties;lack of information,death;pandemic;fraud;housing/property,getting into a car accident would help cover my costs,yes,not sure,nil,nil,i think theyre quite good but i need more information,1.0,0.0,1.0,0.0,1.0,0.0,0.0,1.0,0.0,0.0,0.0,0.0,0.0,0.0,0.0,0.0,0.0,0.0,0.0,1.0,1.0,0.0,0.0,0.0,1.0,0.0,0.0,1.0,0.0,1.0,1.0,0.0,0.0,0.0,0.0,0.0,0.0,1.0,0.0,0.0,0.0,0.0
22 to 36 years old,student,no income,yes,life insurance,parents,no,,,family member(s) have already bought it for you,pandemic;wealth,pandemic like covid can cover for my hospitalization and swab test fees,yes,no,nil,no,more targeted in terms of customer segments and not just ordinary policies that can be offered to everyone,1.0,0.0,0.0,0.0,0.0,0.0,0.0,0.0,1.0,0.0,0.0,0.0,0.0,0.0,0.0,0.0,0.0,0.0,0.0,0.0,0.0,0.0,1.0,0.0,0.0,0.0,0.0,1.0,0.0,0.0,0.0,0.0,0.0,0.0,0.0,0.0,0.0,1.0,0.0,0.0,0.0,0.0
