"Timestamp","Which one of the following represents your age?","Are you a student?","Which one of the following best represents your annual personal income?","Have you purchased ILPs before?","Why did you decide to purchase it? ","Which channels do you get information from regarding ILPs or investments in general? (Tick all that may apply)","Rank the channels that you use to get information about ILP / investments / finance from most used to least used. [1st]","Rank the channels that you use to get information about ILP / investments / finance from most used to least used. [2nd]","Rank the channels that you use to get information about ILP / investments / finance from most used to least used. [3rd]","Rank the channels that you use to get information about ILP / investments / finance from most used to least used. [4th]","Rank the channels that you use to get information about ILP / investments / finance from most used to least used. [5th]","Rank the channels that you use to get information about ILP / investments / finance from most used to least used. [6th]","Rank the channels that you use to get information about ILP / investments / finance from most used to least used. [7th]","Rank the channels that you use to get information about ILP / investments / finance from most used to least used. [8th]","Rank the channels that you use to get information about ILP / investments / finance from most used to least used. [9th]","What are some improvements/feedback that you hope to see about ILPs in general?","Why did you not purchase it? ","Do you have any interest in ILPs/investments?","Select the reasons on why you have no interest.","If you picked ""Lack of Information"" in the above, which channels do you *wish* to get information from regarding ILPs or investments in general? (Tick all that may apply). Else, select 'NIL'","Rank the channels that you wish to use to get information about ILP / investments / finance from most used to least used. [1st]","Rank the channels that you wish to use to get information about ILP / investments / finance from most used to least used. [2nd]","Rank the channels that you wish to use to get information about ILP / investments / finance from most used to least used. [3rd]","Rank the channels that you wish to use to get information about ILP / investments / finance from most used to least used. [4th]","Rank the channels that you wish to use to get information about ILP / investments / finance from most used to least used. [5th]","Rank the channels that you wish to use to get information about ILP / investments / finance from most used to least used. [6th]","Rank the channels that you wish to use to get information about ILP / investments / finance from most used to least used. [7th]","Rank the channels that you wish to use to get information about ILP / investments / finance from most used to least used. [8th]","Rank the channels that you wish to use to get information about ILP / investments / finance from most used to least used. [9th]","Which channels do you *wish* to get information from regarding ILPs or investments in general? (Tick all that may apply)","Rank the channels that you wish to use to get information about ILP / investments / finance from most used to least used. [1st]","Rank the channels that you wish to use to get information about ILP / investments / finance from most used to least used. [2nd]","Rank the channels that you wish to use to get information about ILP / investments / finance from most used to least used. [3rd]","Rank the channels that you wish to use to get information about ILP / investments / finance from most used to least used. [4th]","Rank the channels that you wish to use to get information about ILP / investments / finance from most used to least used. [5th]","Rank the channels that you wish to use to get information about ILP / investments / finance from most used to least used. [6th]","Rank the channels that you wish to use to get information about ILP / investments / finance from most used to least used. [7th]","Rank the channels that you wish to use to get information about ILP / investments / finance from most used to least used. [8th]","Rank the channels that you wish to use to get information about ILP / investments / finance from most used to least used. [9th]","What do you think of ILPs in general?","Which of the following ILPs offered by Prudential are you aware of? ","",""
"2021/03/07 10:36:10 am GMT+8","22 to 36 years old","Yes","No income","No","","","","","","","","","","","","","Lack of information","No","Lack of information","WokeSalaryMan;Social Media Advertisements e.g. Youtube, Instagram;Word of mouth (Parents, Financial Advisors, Friends etc)","Word of Mouth","Social Media","School events","WokeSalaryman","Carnivals","Yahoo Finance","Reddit","Seedly","Hardwarezone","","","","","","","","","","","","NIL","Yes","No"
"2021/03/07 10:36:17 am GMT+8","22 to 36 years old","Yes","No income","No","","","","","","","","","","","","","Lack of information","Yes","","","","","","","","","","","","Seedly;Reddit;Yahoo Finance","Yahoo Finance","Reddit","Seedly","Hardwarezone","WokeSalaryman","Social Media","Carnivals","School events","Word of Mouth","risky","NIL","No","No"
"2021/03/07 10:36:40 am GMT+8","22 to 36 years old","No","$25,000 and below","Yes","Higher potential returns;Free switching of funds (get to choose the fund you invest in, allows you to optimise your investment returns by switching your investment to another fund);Premium holidays (can temporarily stop premium payments if one is having financial difficulties)","Youtube","Seedly","Reddit","Yahoo Finance","Hardwarezone","WokeSalaryman","Social Media","Carnivals","School events","Word of Mouth","p","","No","Unnecessary","Yahoo Finance","Yahoo Finance","Reddit","Seedly","Hardwarezone","WokeSalaryman","Social Media","Carnivals","School events","Word of Mouth","","","","","","","","","","","","PRULink Supergrowth Account","Yes","No"
"2021/03/07 10:42:15 am GMT+8","22 to 36 years old","Yes","No income","No","","","","","","","","","","","","","No guaranteed returns;Not enough money;Lack of information;I prefer to do investment myself to gain experience ","No","Lack of information;Financial difficulties","Yahoo Finance;Social Media Advertisements e.g. Youtube, Instagram","Social Media","Yahoo Finance","Carnivals","School events","Reddit","Word of Mouth","Seedly","Hardwarezone","WokeSalaryman","","","","","","","","","","","","PruActive LinkGuard;PRUSelect Vantage (SGD);PRULink Supergrowth Account;PRUSelect","",""
"2021/03/07 10:42:18 am GMT+8","22 to 36 years old","Yes","No income","No","","","","","","","","","","","","","Lack of information","Yes","","","","","","","","","","","","Reddit;School events;Word of mouth (Parents, Financial Advisors, Friends etc)","Reddit","Social Media","Word of Mouth","School events","Seedly","Yahoo Finance","Hardwarezone","WokeSalaryman","Carnivals","Would like to know more","NIL","",""
"2021/03/07 10:42:37 am GMT+8","21 years old and under","Yes","No income","No","","","","","","","","","","","","","Lack of information","No","Lack of information;Not willing to take the risk","Yahoo Finance;Word of mouth (Parents, Financial Advisors, Friends etc)","Word of Mouth","Yahoo Finance","Social Media","School events","Carnivals","Seedly","Reddit","Hardwarezone","WokeSalaryman","","","","","","","","","","","","NIL","",""
"2021/03/07 10:59:03 am GMT+8","22 to 36 years old","No","Above $200,000","No","","","","","","","","","","","","","Unnecessary","No","Not willing to take the risk","NIL","Seedly","Reddit","Yahoo Finance","Hardwarezone","WokeSalaryman","Social Media","Carnivals","School events","Word of Mouth","","","","","","","","","","","","NIL","",""
"2021/03/07 11:00:14 am GMT+8","22 to 36 years old","Yes","No income","No","","","","","","","","","","","","","Unnecessary;Not enough money;Lack of information","No","Lack of information;Unnecessary","Social Media Advertisements e.g. Youtube, Instagram;School events;Word of mouth (Parents, Financial Advisors, Friends etc)","Word of Mouth","Social Media","School events","Carnivals","Reddit","Seedly","Yahoo Finance","WokeSalaryman","Hardwarezone","","","","","","","","","","","","NIL","",""
"2021/03/07 11:02:10 am GMT+8","22 to 36 years old","Yes","No income","No","","","","","","","","","","","","","No guaranteed returns;Unnecessary;Lack of information","Yes","","","","","","","","","","","","Reddit;Yahoo Finance;Hardwarezone;WokeSalaryMan;Social Media Advertisements e.g. Youtube, Instagram","Yahoo Finance","Hardwarezone","Reddit","WokeSalaryman","Social Media","Carnivals","School events","Seedly","Word of Mouth","I don’t know ","PRUSelect Vantage (SGD);PRULink Supergrowth Account","",""
"2021/03/07 11:23:45 am GMT+8","22 to 36 years old","Yes","No income","No","","","","","","","","","","","","","Family purchase on my behalf","No","Unnecessary","NIL","Yahoo Finance","Reddit","WokeSalaryman","Seedly","Hardwarezone","Carnivals","Word of Mouth","Social Media","School events","","","","","","","","","","","","NIL","",""
"2021/03/07 11:31:04 am GMT+8","22 to 36 years old","Yes","No income","No","","","","","","","","","","","","","Complexity of the plans and their charges;Not enough money","Yes","","","","","","","","","","","","Yahoo Finance;Word of mouth (Parents, Financial Advisors, Friends etc)","Word of Mouth","Yahoo Finance","WokeSalaryman","Reddit","Seedly","Hardwarezone","Carnivals","School events","Social Media","nil","NIL","",""
"2021/03/07 11:38:52 am GMT+8","22 to 36 years old","Yes","No income","No","","","","","","","","","","","","","Lack of information;not sure what that is","Yes","","","","","","","","","","","","Reddit;Word of mouth (Parents, Financial Advisors, Friends etc)","Reddit","Word of Mouth","Social Media","Hardwarezone","Yahoo Finance","Seedly","Carnivals","School events","WokeSalaryman","just another insurance scheme","NIL","",""
"2021/03/07 12:05:00 pm GMT+8","21 years old and under","Yes","No income","No","","","","","","","","","","","","","Didn't even know it exists","Yes","","","","","","","","","","","","Seedly;Reddit;WokeSalaryMan;School events;Word of mouth (Parents, Financial Advisors, Friends etc)","Reddit","Seedly","WokeSalaryman","Word of Mouth","School events","Social Media","Carnivals","Yahoo Finance","Hardwarezone","No idea","NIL","",""
"2021/03/07 12:22:01 pm GMT+8","22 to 36 years old","No","$25,001 to $50,000","No","","","","","","","","","","","","","Unnecessary","No","No need hybrid policies","NIL","Yahoo Finance","Word of Mouth","Social Media","Hardwarezone","Reddit","Seedly","WokeSalaryman","Carnivals","School events","","","","","","","","","","","","NIL","",""
"2021/03/07 2:45:13 pm GMT+8","22 to 36 years old","Yes","No income","No","","","","","","","","","","","","","Not enough money;Lack of information","No","Lack of information;Unnecessary;Not willing to take the risk","Seedly;Yahoo Finance;WokeSalaryMan;Social Media Advertisements e.g. Youtube, Instagram;Word of mouth (Parents, Financial Advisors, Friends etc)","Social Media","Word of Mouth","WokeSalaryman","Seedly","Yahoo Finance","Reddit","Hardwarezone","School events","Carnivals","","","","","","","","","","","","NIL","",""
"2021/03/07 4:05:16 pm GMT+8","22 to 36 years old","Yes","No income","No","","","","","","","","","","","","","No guaranteed returns;Hefty fees;Complexity of the plans and their charges;Not enough money;Lack of information","No","Lack of information;Financial difficulties;Not willing to take the risk","Seedly;Reddit;Yahoo Finance;WokeSalaryMan;Carnivals;School events;Word of mouth (Parents, Financial Advisors, Friends etc)","Seedly","School events","Word of Mouth","Reddit","Carnivals","Social Media","WokeSalaryman","Yahoo Finance","Hardwarezone","","","","","","","","","","","","NIL","",""
"2021/03/07 4:09:27 pm GMT+8","21 years old and under","Yes","$25,000 and below","No","","","","","","","","","","","","","Not enough money;Lack of information","Yes","","","","","","","","","","","","Yahoo Finance;Word of mouth (Parents, Financial Advisors, Friends etc)","Seedly","Reddit","Yahoo Finance","Hardwarezone","WokeSalaryman","Social Media","Carnivals","School events","Word of Mouth","idk anything","NIL","",""
"2021/03/07 5:28:09 pm GMT+8","22 to 36 years old","Yes","No income","No","","","","","","","","","","","","","Not enough money;Lack of information","Yes","","","","","","","","","","","","Social Media Advertisements e.g. Youtube, Instagram;School events;Word of mouth (Parents, Financial Advisors, Friends etc)","Word of Mouth","School events","Social Media","Carnivals","WokeSalaryman","Yahoo Finance","Reddit","Seedly","Hardwarezone","help to earn money through lifelong investment","NIL","",""
"2021/03/07 5:50:12 pm GMT+8","22 to 36 years old","Yes","No income","Yes","Liquidity with partial withdrawals (without cancelling policy) & top ups (ad hoc basis);Free switching of funds (get to choose the fund you invest in, allows you to optimise your investment returns by switching your investment to another fund)","WokeSalaryMan;Word of mouth (Parents, Financial Advisors, Friends etc)","Word of Mouth","Social Media","WokeSalaryman","Carnivals","School events","Yahoo Finance","Seedly","Reddit","Hardwarezone","The benefits and how should buy one","","Yes","","","","","","","","","","","","WokeSalaryMan;Social Media Advertisements e.g. Youtube, Instagram;Word of mouth (Parents, Financial Advisors, Friends etc)","Word of Mouth","Social Media","WokeSalaryman","Carnivals","School events","Yahoo Finance","Seedly","Reddit","Hardwarezone","Good","NIL","",""
"2021/03/07 6:47:34 pm GMT+8","22 to 36 years old","Yes","No income","No","","","","","","","","","","","","","Lack of information","Yes","","","","","","","","","","","","Reddit;Yahoo Finance;School events;Word of mouth (Parents, Financial Advisors, Friends etc)","Yahoo Finance","Reddit","Word of Mouth","School events","Social Media","Hardwarezone","WokeSalaryman","Carnivals","Seedly","NIL","NIL","",""
"2021/03/07 6:49:37 pm GMT+8","22 to 36 years old","No","$100,001 to $200,000","No","","","","","","","","","","","","","Unnecessary;Lack of information","No","Unnecessary","NIL","Word of Mouth","Reddit","Hardwarezone","Carnivals","Yahoo Finance","Seedly","WokeSalaryman","Social Media","School events","","","","","","","","","","","","NIL","",""
"2021/03/07 6:51:28 pm GMT+8","22 to 36 years old","Yes","No income","No","","","","","","","","","","","","","Not enough money;Lack of information","Yes","","","","","","","","","","","","WokeSalaryMan;Word of mouth (Parents, Financial Advisors, Friends etc)","WokeSalaryman","Social Media","Word of Mouth","Hardwarezone","Seedly","Reddit","Yahoo Finance","School events","Carnivals","Don’t really understand unless someone explains it in layman terms","NIL","",""
"2021/03/07 6:53:12 pm GMT+8","22 to 36 years old","Yes","No income","No","","","","","","","","","","","","","Complexity of the plans and their charges;Not enough money;Lack of information","Yes","","","","","","","","","","","","Yahoo Finance;Hardwarezone;WokeSalaryMan;Social Media Advertisements e.g. Youtube, Instagram","Social Media","Word of Mouth","School events","Carnivals","Seedly","Yahoo Finance","Hardwarezone","WokeSalaryman","Reddit","I honestly don’t know ","NIL","",""
"2021/03/07 7:05:09 pm GMT+8","22 to 36 years old","Yes","No income","No","","","","","","","","","","","","","Complexity of the plans and their charges;Not enough money;suitable for longer term investment, must have a certain degree of knowledge to choose suitable funds","Yes","","","","","","","","","","","","Seedly;Yahoo Finance;WokeSalaryMan;Word of mouth (Parents, Financial Advisors, Friends etc)","Word of Mouth","Seedly","Yahoo Finance","WokeSalaryman","School events","Hardwarezone","Reddit","Carnivals","Social Media","i think it more suitable for people who are investing for a long term. However, it has a lot of unforeseeable fees that you might not be aware of when you first start investing. ","NIL","",""
"2021/03/07 9:00:43 pm GMT+8","22 to 36 years old","Yes","No income","No","","","","","","","","","","","","","Lack of information","No","Lack of information","Social Media Advertisements e.g. Youtube, Instagram;Word of mouth (Parents, Financial Advisors, Friends etc)","Social Media","Word of Mouth","Seedly","Reddit","WokeSalaryman","School events","Hardwarezone","Yahoo Finance","Carnivals","","","","","","","","","","","","NIL","",""
"2021/03/08 11:27:04 am GMT+8","22 to 36 years old","Yes","No income","No","","","","","","","","","","","","","Possibility of reducing insurance coverage in the future;Unnecessary;Returns not attractive, knowing that early years' returns go to premiums","Yes","","","","","","","","","","","","Seedly;Word of mouth (Parents, Financial Advisors, Friends etc)","Seedly","Word of Mouth","Social Media","School events","Carnivals","Yahoo Finance","Hardwarezone","Reddit","WokeSalaryman","Not attractive now, but possible for retirement plan","PRUSelect Vantage (SGD);PRULink Supergrowth Account","",""
"2021/03/08 11:59:13 am GMT+8","22 to 36 years old","No","$25,001 to $50,000","Yes","Liquidity with partial withdrawals (without cancelling policy) & top ups (ad hoc basis);Flexibility in insurance coverage;Free switching of funds (get to choose the fund you invest in, allows you to optimise your investment returns by switching your investment to another fund);Premium holidays (can temporarily stop premium payments if one is having financial difficulties)","Seedly;WokeSalaryMan;Social Media Advertisements e.g. Youtube, Instagram;Word of mouth (Parents, Financial Advisors, Friends etc)","Word of Mouth","Seedly","WokeSalaryman","Social Media","School events","Carnivals","Hardwarezone","Yahoo Finance","Reddit","NIL","","Yes","","","","","","","","","","","","Social Media Advertisements e.g. Youtube, Instagram;Word of mouth (Parents, Financial Advisors, Friends etc)","Word of Mouth","Social Media","WokeSalaryman","Yahoo Finance","Seedly","Reddit","Hardwarezone","Carnivals","School events","Its really good for people for employees who dont want to take time out to invest by themselves can use ILPs to have both insurance coverage and invest at the same time - convenience + professional help ","PruActive LinkGuard","",""
"2021/03/08 11:59:40 am GMT+8","21 years old and under","Yes","No income","No","","","","","","","","","","","","","Lack of information","Yes","","","","","","","","","","","","Seedly;Hardwarezone;WokeSalaryMan;Social Media Advertisements e.g. Youtube, Instagram;School events;Word of mouth (Parents, Financial Advisors, Friends etc)","Seedly","Yahoo Finance","WokeSalaryman","Social Media","Hardwarezone","Carnivals","School events","Reddit","Word of Mouth","important to get ","PRULink Supergrowth Account;PRUSelect","",""
"2021/03/08 12:11:20 pm GMT+8","21 years old and under","Yes","$25,000 and below","No","","","","","","","","","","","","","Not enough money","Yes","","","","","","","","","","","","Word of mouth (Parents, Financial Advisors, Friends etc)","Word of Mouth","School events","Carnivals","Yahoo Finance","Seedly","Reddit","Hardwarezone","WokeSalaryman","Social Media","Good if you have money to invest","NIL","",""
"2021/03/08 2:58:32 pm GMT+8","22 to 36 years old","Yes","No income","Yes","Higher potential returns;Liquidity with partial withdrawals (without cancelling policy) & top ups (ad hoc basis);Flexibility in insurance coverage","Seedly;Reddit;Word of mouth (Parents, Financial Advisors, Friends etc)","Seedly","Reddit","Yahoo Finance","WokeSalaryman","Word of Mouth","School events","Carnivals","Social Media","Hardwarezone","None needed","","Yes","","","","","","","","","","","","Seedly;Reddit;Yahoo Finance;Word of mouth (Parents, Financial Advisors, Friends etc)","Seedly","Reddit","Yahoo Finance","Hardwarezone","WokeSalaryman","Social Media","Carnivals","School events","Word of Mouth","A good investment if you know how to use them properly.","PruActive LinkGuard;PRUSelect Vantage (SGD);PRULink Supergrowth Account;PRUSelect","",""
"2021/03/08 3:32:24 pm GMT+8","22 to 36 years old","No","$25,001 to $50,000","No","","","","","","","","","","","","","No guaranteed returns;Hefty fees;Unnecessary","No","Unnecessary;We can self invest or get a separate investment plan","Seedly;Reddit;Yahoo Finance;Word of mouth (Parents, Financial Advisors, Friends etc)","Word of Mouth","Yahoo Finance","Reddit","Hardwarezone","Social Media","Seedly","WokeSalaryman","Carnivals","School events","","","","","","","","","","","","PruActive LinkGuard;PRUSelect Vantage (SGD)","",""
"2021/03/08 5:46:02 pm GMT+8","22 to 36 years old","Yes","No income","No","","","","","","","","","","","","","Hefty fees;Complexity of the plans and their charges;Not enough money;Lack of information","Yes","","","","","","","","","","","","Social Media Advertisements e.g. Youtube, Instagram;School events","Yahoo Finance","School events","Word of Mouth","Social Media","Reddit","Hardwarezone","WokeSalaryman","Carnivals","Seedly","Its complicated, with a lot of terms and conditions.","NIL","",""
"2021/03/08 7:15:41 pm GMT+8","22 to 36 years old","Yes","No income","No","","","","","","","","","","","","","Lack of information","No","Unnecessary","NIL","Reddit","Social Media","Word of Mouth","School events","Yahoo Finance","Carnivals","WokeSalaryman","Hardwarezone","Seedly","","","","","","","","","","","","NIL","",""
"2021/03/08 7:38:09 pm GMT+8","21 years old and under","Yes","No income","No","","","","","","","","","","","","","Not enough money;Lack of information","Yes","","","","","","","","","","","","Reddit;Social Media Advertisements e.g. Youtube, Instagram;School events;Word of mouth (Parents, Financial Advisors, Friends etc)","School events","Social Media","Carnivals","Word of Mouth","WokeSalaryman","Reddit","Yahoo Finance","Hardwarezone","Seedly","sounds feasible, would actually adopt it if convinced that there is a great plan thats functionable for me","NIL","",""
"2021/03/09 9:27:26 am GMT+8","22 to 36 years old","Yes","Above $200,000","Yes","Too much money","Reddit;Word of mouth (Parents, Financial Advisors, Friends etc)","Seedly","Reddit","Yahoo Finance","Hardwarezone","WokeSalaryman","Social Media","Carnivals","School events","Word of Mouth","Nil","","Yes","","","","","","","","","","","","Carnivals","Reddit","Seedly","Yahoo Finance","Hardwarezone","WokeSalaryman","Social Media","Carnivals","School events","Word of Mouth","No idea ","NIL","",""
"2021/03/09 9:27:35 am GMT+8","22 to 36 years old","Yes","Above $200,000","Yes","Too much money","Reddit;Word of mouth (Parents, Financial Advisors, Friends etc)","Seedly","Reddit","Yahoo Finance","Hardwarezone","WokeSalaryman","Social Media","Carnivals","School events","Word of Mouth","Nil","","Yes","","","","","","","","","","","","Carnivals","Reddit","Seedly","Yahoo Finance","Hardwarezone","WokeSalaryman","Social Media","Carnivals","School events","Word of Mouth","No idea ","NIL","",""
"2021/03/09 10:48:30 am GMT+8","22 to 36 years old","Yes","No income","No","","","","","","","","","","","","","No guaranteed returns;Lack of information","Yes","","","","","","","","","","","","WokeSalaryMan;Social Media Advertisements e.g. Youtube, Instagram;Word of mouth (Parents, Financial Advisors, Friends etc)","Word of Mouth","Social Media","WokeSalaryman","School events","Yahoo Finance","Carnivals","Seedly","Reddit","Hardwarezone","Not much returns as compared to normal investments","NIL","",""
"2021/03/09 10:49:53 am GMT+8","22 to 36 years old","Yes","No income","Yes","Higher potential returns","Word of mouth (Parents, Financial Advisors, Friends etc)","Word of Mouth","School events","Carnivals","Social Media","WokeSalaryman","Hardwarezone","Yahoo Finance","Reddit","Seedly","NA","","Yes","","","","","","","","","","","","Seedly;Reddit;Yahoo Finance;WokeSalaryMan;Word of mouth (Parents, Financial Advisors, Friends etc)","Seedly","Reddit","Yahoo Finance","WokeSalaryman","Word of Mouth","School events","Carnivals","Social Media","Hardwarezone","Cool","NIL","",""
"2021/03/09 10:52:11 am GMT+8","22 to 36 years old","Yes","No income","No","","","","","","","","","","","","","Unnecessary","No","Unnecessary","NIL","Word of Mouth","Seedly","School events","Reddit","Yahoo Finance","Carnivals","Social Media","WokeSalaryman","Hardwarezone","","","","","","","","","","","","NIL","",""
"2021/03/10 12:24:22 pm GMT+8","22 to 36 years old","Yes","$25,000 and below","No","","","","","","","","","","","","","No guaranteed returns;Unnecessary","Yes","","","","","","","","","","","","Seedly;WokeSalaryMan;Social Media Advertisements e.g. Youtube, Instagram","Word of Mouth","School events","Carnivals","Social Media","WokeSalaryman","Hardwarezone","Yahoo Finance","Reddit","Seedly","Bad","NIL","",""
"2021/03/10 3:09:45 pm GMT+8","22 to 36 years old","No","$25,000 and below","No","","","","","","","","","","","","","Not enough money","Yes","","","","","","","","","","","","Seedly;WokeSalaryMan;Word of mouth (Parents, Financial Advisors, Friends etc)","Seedly","Word of Mouth","WokeSalaryman","Social Media","Reddit","Yahoo Finance","School events","Hardwarezone","Carnivals","Don't know enough to comment ","NIL","",""
"2021/03/10 3:19:01 pm GMT+8","22 to 36 years old","No","$25,001 to $50,000","No","","","","","","","","","","","","","No guaranteed returns;Complexity of the plans and their charges;Not enough money;Lack of information","No","Lack of information;Not willing to take the risk","Seedly;Reddit;Yahoo Finance;Social Media Advertisements e.g. Youtube, Instagram;Word of mouth (Parents, Financial Advisors, Friends etc)","Yahoo Finance","Hardwarezone","Word of Mouth","Seedly","Reddit","Social Media","WokeSalaryman","School events","Carnivals","","","","","","","","","","","","NIL","",""
"2021/03/10 3:24:00 pm GMT+8","22 to 36 years old","No","$25,001 to $50,000","No","","","","","","","","","","","","","Lack of information","Yes","","","","","","","","","","","","Seedly;Reddit","Seedly","Reddit","Social Media","Hardwarezone","Yahoo Finance","WokeSalaryman","School events","Carnivals","Word of Mouth","Too good to be true","NIL","",""
"2021/03/10 6:16:17 pm GMT+8","22 to 36 years old","Yes","No income","No","","","","","","","","","","","","","Hefty fees;Not enough money;Lack of information","No","Lack of information;Financial difficulties","Yahoo Finance;WokeSalaryMan;Social Media Advertisements e.g. Youtube, Instagram;School events;Word of mouth (Parents, Financial Advisors, Friends etc)","Yahoo Finance","School events","Seedly","WokeSalaryman","Hardwarezone","Social Media","Word of Mouth","Carnivals","Reddit","","","","","","","","","","","","NIL","",""
"2021/03/10 6:21:34 pm GMT+8","22 to 36 years old","No","$25,001 to $50,000","No","","","","","","","","","","","","","No guaranteed returns;Possibility of reducing insurance coverage in the future;Complexity of the plans and their charges;Unnecessary;Not enough money;Lack of information","No","Lack of information;Unnecessary;Not willing to take the risk","Hardwarezone;Social Media Advertisements e.g. Youtube, Instagram;Word of mouth (Parents, Financial Advisors, Friends etc)","Word of Mouth","Social Media","Hardwarezone","Yahoo Finance","Reddit","WokeSalaryman","Seedly","Carnivals","School events","","","","","","","","","","","","NIL","",""
"2021/03/10 6:25:40 pm GMT+8","22 to 36 years old","No","$25,001 to $50,000","No","","","","","","","","","","","","","Lack of information","No","Lack of information;Not willing to take the risk","Word of mouth (Parents, Financial Advisors, Friends etc)","Word of Mouth","School events","Carnivals","Yahoo Finance","Seedly","WokeSalaryman","Reddit","Social Media","Hardwarezone","","","","","","","","","","","","NIL","",""
"2021/03/10 7:36:42 pm GMT+8","22 to 36 years old","Yes","$25,000 and below","No","","","","","","","","","","","","","Unnecessary;Not enough money;Lack of information","No","Unnecessary","NIL","Seedly","WokeSalaryman","Word of Mouth","Yahoo Finance","Reddit","Hardwarezone","Social Media","School events","Carnivals","","","","","","","","","","","","NIL","",""
"2021/03/11 11:40:48 am GMT+8","22 to 36 years old","No","$25,001 to $50,000","No","","","","","","","","","","","","","No guaranteed returns;Possibility of reducing insurance coverage in the future;Complexity of the plans and their charges;Unnecessary;Not enough money;Lack of information","No","Lack of information;Unnecessary;Not willing to take the risk","Hardwarezone;Social Media Advertisements e.g. Youtube, Instagram;Word of mouth (Parents, Financial Advisors, Friends etc)","Word of Mouth","Social Media","Hardwarezone","Yahoo Finance","Reddit","WokeSalaryman","Seedly","Carnivals","School events","","","","","","","","","","","","NIL","",""
"2021/03/11 7:55:58 pm GMT+8","21 years old and under","Yes","No income","No","","","","","","","","","","","","","Lack of information","No","Lack of information","Yahoo Finance","Reddit","WokeSalaryman","Yahoo Finance","Seedly","Hardwarezone","Social Media","Word of Mouth","School events","Carnivals","","","","","","","","","","","","NIL","",""
"2021/03/11 7:56:18 pm GMT+8","22 to 36 years old","Yes","No income","No","","","","","","","","","","","","","no permission given to buy from parents","Yes","","","","","","","","","","","","Reddit;Hardwarezone;Social Media Advertisements e.g. Youtube, Instagram;Word of mouth (Parents, Financial Advisors, Friends etc)","Yahoo Finance","School events","WokeSalaryman","Word of Mouth","Social Media","Hardwarezone","Reddit","Seedly","Carnivals","Only if you are sure of the returns, then buy.","NIL","",""
"2021/03/11 7:56:19 pm GMT+8","22 to 36 years old","Yes","$25,000 and below","No","","","","","","","","","","","","","No guaranteed returns;Possibility of reducing insurance coverage in the future","No","I rather do it myself","NIL","Social Media","WokeSalaryman","Hardwarezone","Yahoo Finance","Reddit","Seedly","Carnivals","School events","Word of Mouth","","","","","","","","","","","","NIL","",""
"2021/03/11 8:57:35 pm GMT+8","22 to 36 years old","Yes","No income","No","","","","","","","","","","","","","Complexity of the plans and their charges;Unnecessary;Not enough money;Lack of information","No","Lack of information;Unnecessary;Not willing to take the risk","Seedly;School events;Word of mouth (Parents, Financial Advisors, Friends etc)","Seedly","Word of Mouth","School events","Social Media","Reddit","Yahoo Finance","Hardwarezone","Carnivals","WokeSalaryman","","","","","","","","","","","","NIL","",""
"2021/03/12 2:36:28 pm GMT+8","22 to 36 years old","Yes","No income","No","","","","","","","","","","","","","Not enough money","Yes","","","","","","","","","","","","Seedly;School events;Word of mouth (Parents, Financial Advisors, Friends etc)","School events","Word of Mouth","Seedly","Yahoo Finance","Reddit","Social Media","Hardwarezone","Carnivals","WokeSalaryman","Nil","NIL","",""
"2021/03/12 2:39:51 pm GMT+8","22 to 36 years old","Yes","No income","No","","","","","","","","","","","","","Lack of information","No","Lack of information;Not willing to take the risk","Seedly;WokeSalaryMan;School events;Word of mouth (Parents, Financial Advisors, Friends etc)","Seedly","WokeSalaryman","School events","Word of Mouth","Social Media","Reddit","Yahoo Finance","Carnivals","Hardwarezone","","","","","","","","","","","","NIL","",""
"2021/03/12 2:43:05 pm GMT+8","21 years old and under","Yes","No income","No","","","","","","","","","","","","","Don't even know what is that","No","Lack of information;Unnecessary;Financial difficulties;Not willing to take the risk","Word of mouth (Parents, Financial Advisors, Friends etc);NIL","Word of Mouth","School events","Yahoo Finance","Reddit","Seedly","Hardwarezone","WokeSalaryman","Social Media","Carnivals","","","","","","","","","","","","NIL","",""
"2021/03/12 10:36:14 pm GMT+8","22 to 36 years old","Yes","No income","No","","","","","","","","","","","","","Lack of information","No","Lack of information;Unnecessary;Financial difficulties","Seedly;WokeSalaryMan;Carnivals;School events","School events","Word of Mouth","WokeSalaryman","Seedly","Reddit","Hardwarezone","Social Media","Carnivals","Yahoo Finance","","","","","","","","","","","","NIL","",""
"2021/03/13 4:07:08 pm GMT+8","22 to 36 years old","Yes","No income","No","","","","","","","","","","","","","Lack of information","No","Lack of information;Unnecessary;Bad reputation","Seedly;Word of mouth (Parents, Financial Advisors, Friends etc)","Seedly","Word of Mouth","Social Media","Reddit","Yahoo Finance","Hardwarezone","WokeSalaryman","Carnivals","School events","","","","","","","","","","","","NIL","",""
"2021/03/13 4:20:16 pm GMT+8","22 to 36 years old","Yes","No income","No","","","","","","","","","","","","","No guaranteed returns;Hefty fees;Unnecessary;Lack of information","No","Unnecessary;Not willing to take the risk","Word of mouth (Parents, Financial Advisors, Friends etc)","Reddit","Seedly","Word of Mouth","Social Media","Carnivals","WokeSalaryman","Hardwarezone","Yahoo Finance","School events","","","","","","","","","","","","NIL","",""
"2021/03/13 4:23:06 pm GMT+8","21 years old and under","Yes","No income","No","","","","","","","","","","","","","Hefty fees;Unnecessary;Not enough money;Lack of information","No","Unnecessary","NIL","Seedly","Word of Mouth","Social Media","Reddit","Yahoo Finance","School events","Carnivals","WokeSalaryman","Hardwarezone","","","","","","","","","","","","NIL","",""
"2021/03/13 4:25:53 pm GMT+8","21 years old and under","Yes","No income","No","","","","","","","","","","","","","No guaranteed returns;Unnecessary;Not enough money","No","Unnecessary;Financial difficulties","NIL","Word of Mouth","Seedly","Social Media","Hardwarezone","Yahoo Finance","Reddit","WokeSalaryman","Carnivals","School events","","","","","","","","","","","","NIL","",""
"2021/03/13 4:26:36 pm GMT+8","22 to 36 years old","Yes","No income","No","","","","","","","","","","","","","Complexity of the plans and their charges;Unnecessary;Not enough money;Lack of information","No","Unnecessary;Financial difficulties","NIL","Yahoo Finance","Reddit","Seedly","Social Media","Word of Mouth","School events","Carnivals","WokeSalaryman","Hardwarezone","","","","","","","","","","","","NIL","",""
"2021/03/13 5:16:14 pm GMT+8","22 to 36 years old","Yes","No income","No","","","","","","","","","","","","","Hefty fees;Not enough money;Lack of information","No","Lack of information;Not willing to take the risk","Seedly","Seedly","Reddit","Yahoo Finance","Social Media","Word of Mouth","School events","Carnivals","WokeSalaryman","Hardwarezone","","","","","","","","","","","","NIL","",""
"2021/03/13 5:19:40 pm GMT+8","22 to 36 years old","Yes","No income","No","","","","","","","","","","","","","No guaranteed returns;Hefty fees;Complexity of the plans and their charges;Unnecessary;Not enough money;Lack of information","No","Unnecessary","NIL","Seedly","Word of Mouth","Hardwarezone","Social Media","Reddit","Yahoo Finance","Carnivals","WokeSalaryman","School events","","","","","","","","","","","","NIL","",""
"2021/03/13 5:20:40 pm GMT+8","22 to 36 years old","No","$25,001 to $50,000","No","","","","","","","","","","","","","Unnecessary","No","Unnecessary","NIL","Social Media","Word of Mouth","Seedly","Hardwarezone","Reddit","Yahoo Finance","Carnivals","WokeSalaryman","School events","","","","","","","","","","","","NIL","",""
"2021/03/13 5:22:05 pm GMT+8","21 years old and under","Yes","No income","No","","","","","","","","","","","","","No guaranteed returns;Hefty fees;Not enough money","No","Unnecessary;Financial difficulties","NIL","Seedly","Reddit","Word of Mouth","Social Media","Hardwarezone","Yahoo Finance","Carnivals","School events","WokeSalaryman","","","","","","","","","","","","NIL","",""
"2021/03/13 5:48:49 pm GMT+8","22 to 36 years old","Yes","No income","No","","","","","","","","","","","","","Not enough money;Lack of information","No","Financial difficulties","NIL","Seedly","Reddit","Word of Mouth","Social Media","Carnivals","School events","WokeSalaryman","Hardwarezone","Yahoo Finance","","","","","","","","","","","","NIL","",""
"2021/03/13 6:00:35 pm GMT+8","21 years old and under","No","No income","No","","","","","","","","","","","","","Not enough money;Lack of information","No","Unnecessary;Financial difficulties","NIL","Seedly","Reddit","Yahoo Finance","Word of Mouth","Social Media","WokeSalaryman","Hardwarezone","Carnivals","School events","","","","","","","","","","","","NIL","",""
"2021/03/13 8:13:52 pm GMT+8","22 to 36 years old","Yes","No income","No","","","","","","","","","","","","","Bad reputation","No","Unnecessary;Not willing to take the risk","NIL","Word of Mouth","Social Media","Seedly","Yahoo Finance","Reddit","WokeSalaryman","School events","Carnivals","Hardwarezone","","","","","","","","","","","","NIL","",""
"2021/03/13 8:16:03 pm GMT+8","22 to 36 years old","Yes","No income","No","","","","","","","","","","","","","Lack of information","No","Unnecessary;Not willing to take the risk","NIL","Word of Mouth","Social Media","WokeSalaryman","Seedly","Yahoo Finance","Reddit","School events","Carnivals","Hardwarezone","","","","","","","","","","","","NIL","",""
"2021/03/13 8:17:24 pm GMT+8","22 to 36 years old","Yes","No income","No","","","","","","","","","","","","","Lack of information","Yes","","","","","","","","","","","","WokeSalaryMan;Social Media Advertisements e.g. Youtube, Instagram;Word of mouth (Parents, Financial Advisors, Friends etc)","Social Media","Word of Mouth","WokeSalaryman","Seedly","Yahoo Finance","Reddit","School events","Carnivals","Hardwarezone","Lower risk as compared to investing in stocks and hence lower returns","NIL","",""
"2021/03/13 8:17:34 pm GMT+8","22 to 36 years old","No","$25,001 to $50,000","No","","","","","","","","","","","","","Complexity of the plans and their charges;Lack of information","Yes","","","","","","","","","","","","Seedly;Yahoo Finance;WokeSalaryMan;Social Media Advertisements e.g. Youtube, Instagram;Word of mouth (Parents, Financial Advisors, Friends etc)","Seedly","Yahoo Finance","WokeSalaryman","Social Media","Word of Mouth","Reddit","Hardwarezone","Carnivals","School events","Low returns","NIL","",""
"2021/03/13 8:20:09 pm GMT+8","22 to 36 years old","Yes","No income","No","","","","","","","","","","","","","Not enough money;Lack of information","No","Lack of information;Not willing to take the risk","WokeSalaryMan;Social Media Advertisements e.g. Youtube, Instagram;Word of mouth (Parents, Financial Advisors, Friends etc)","Social Media","Word of Mouth","WokeSalaryman","Seedly","Yahoo Finance","Reddit","School events","Carnivals","Hardwarezone","","","","","","","","","","","","NIL","",""
"2021/03/13 8:20:12 pm GMT+8","22 to 36 years old","Yes","No income","No","","","","","","","","","","","","","Unnecessary","No","Lack of information","Seedly;Yahoo Finance;WokeSalaryMan;Social Media Advertisements e.g. Youtube, Instagram;Word of mouth (Parents, Financial Advisors, Friends etc)","WokeSalaryman","Word of Mouth","Social Media","Seedly","Yahoo Finance","Reddit","School events","Carnivals","Hardwarezone","","","","","","","","","","","","NIL","",""
"2021/03/13 9:32:17 pm GMT+8","22 to 36 years old","Yes","No income","No","","","","","","","","","","","","","Not enough money;Lack of information","Yes","","","","","","","","","","","","Seedly;Social Media Advertisements e.g. Youtube, Instagram","Word of Mouth","Social Media","Carnivals","School events","Seedly","Reddit","Yahoo Finance","Hardwarezone","WokeSalaryman","Low rates","NIL","",""
"2021/03/13 9:33:12 pm GMT+8","21 years old and under","Yes","No income","No","","","","","","","","","","","","","No guaranteed returns","No","Useless","NIL","Word of Mouth","Social Media","Carnivals","School events","Seedly","Reddit","Yahoo Finance","Hardwarezone","WokeSalaryman","","","","","","","","","","","","NIL","",""
"2021/03/13 9:35:01 pm GMT+8","22 to 36 years old","Yes","No income","No","","","","","","","","","","","","","Unnecessary;Might include extra charges as compared to just investing on my own","Yes","","","","","","","","","","","","Seedly;Social Media Advertisements e.g. Youtube, Instagram;Word of mouth (Parents, Financial Advisors, Friends etc)","Word of Mouth","Seedly","Carnivals","Social Media","School events","Yahoo Finance","Reddit","Hardwarezone","WokeSalaryman","Might include extra charges as compared to just investing on my own","NIL","",""
"2021/03/13 9:36:11 pm GMT+8","22 to 36 years old","Yes","No income","No","","","","","","","","","","","","","Complexity of the plans and their charges","Yes","","","","","","","","","","","","Yahoo Finance;Social Media Advertisements e.g. Youtube, Instagram","Yahoo Finance","Word of Mouth","School events","Carnivals","Social Media","WokeSalaryman","Hardwarezone","Reddit","Seedly","Complex to understand plans","NIL","",""
"2021/03/13 9:37:23 pm GMT+8","21 years old and under","Yes","No income","No","","","","","","","","","","","","","Hefty fees;Not enough money","Yes","","","","","","","","","","","","School events","School events","Carnivals","Social Media","WokeSalaryman","Word of Mouth","Hardwarezone","Yahoo Finance","Reddit","Seedly","Heavy premium charges","NIL","",""
"2021/03/13 9:39:01 pm GMT+8","22 to 36 years old","Yes","No income","No","","","","","","","","","","","","","Complexity of the plans and their charges;Lack of information","No","Lack of information;Not worth it ","Seedly;Social Media Advertisements e.g. Youtube, Instagram","Social Media","Seedly","Reddit","Yahoo Finance","Hardwarezone","WokeSalaryman","Word of Mouth","Carnivals","School events","","","","","","","","","","","","NIL","",""
"2021/03/13 9:40:10 pm GMT+8","22 to 36 years old","No","No income","No","","","","","","","","","","","","","Unnecessary","No","Rather manage investments by myself","NIL","Seedly","Reddit","Yahoo Finance","Hardwarezone","Word of Mouth","School events","Carnivals","Social Media","WokeSalaryman","","","","","","","","","","","","NIL","",""
"2021/03/13 9:41:25 pm GMT+8","22 to 36 years old","Yes","$25,000 and below","No","","","","","","","","","","","","","Hefty fees;Not enough money;Lack of information","No","Lack of information;New to investment","Seedly;Social Media Advertisements e.g. Youtube, Instagram","Word of Mouth","Social Media","Carnivals","School events","Seedly","Reddit","Yahoo Finance","Hardwarezone","WokeSalaryman","","","","","","","","","","","","NIL","",""
"2021/03/13 9:42:46 pm GMT+8","22 to 36 years old","Yes","$25,000 and below","No","","","","","","","","","","","","","Not enough money;Lack of information","Yes","","","","","","","","","","","","Seedly;Yahoo Finance;Social Media Advertisements e.g. Youtube, Instagram;Word of mouth (Parents, Financial Advisors, Friends etc)","Seedly","Reddit","Yahoo Finance","Word of Mouth","School events","Carnivals","Social Media","WokeSalaryman","Hardwarezone","Not that famous, might be due to fees. Can make it more affordable for students","NIL","",""
"2021/03/13 9:43:45 pm GMT+8","21 years old and under","Yes","$25,000 and below","No","","","","","","","","","","","","","Complexity of the plans and their charges;Unnecessary;Not enough money;Lack of information","Yes","","","","","","","","","","","","Seedly;Social Media Advertisements e.g. Youtube, Instagram","Seedly","Reddit","Yahoo Finance","Word of Mouth","School events","Carnivals","Social Media","WokeSalaryman","Hardwarezone","A bit difficult to understand at first glance","NIL","",""
"2021/03/13 9:45:14 pm GMT+8","21 years old and under","Yes","No income","No","","","","","","","","","","","","","Never heard before","Yes","","","","","","","","","","","","Seedly;Social Media Advertisements e.g. Youtube, Instagram;Word of mouth (Parents, Financial Advisors, Friends etc)","Word of Mouth","Social Media","Carnivals","School events","Seedly","Reddit","Yahoo Finance","Hardwarezone","WokeSalaryman","Bad reputation as seen on Hardwarezone","NIL","",""
"2021/03/13 9:46:37 pm GMT+8","21 years old and under","Yes","No income","No","","","","","","","","","","","","","Complexity of the plans and their charges","Yes","","","","","","","","","","","","Seedly;Yahoo Finance;Hardwarezone","Seedly","Reddit","Yahoo Finance","Hardwarezone","WokeSalaryman","Social Media","Carnivals","School events","Word of Mouth","No reasonable returns","NIL","",""
"2021/03/13 9:47:26 pm GMT+8","22 to 36 years old","No","$25,000 and below","No","","","","","","","","","","","","","No guaranteed returns;Hefty fees","No","Not willing to take the risk;bad reputation as seen on forums, no reasonable returns","NIL","Word of Mouth","School events","Carnivals","Social Media","Seedly","Reddit","Yahoo Finance","Hardwarezone","WokeSalaryman","","","","","","","","","","","","NIL","",""
"2021/03/13 9:48:06 pm GMT+8","22 to 36 years old","Yes","$25,000 and below","No","","","","","","","","","","","","","No guaranteed returns;Complexity of the plans and their charges;Lack of information","No","Financial difficulties","NIL","Word of Mouth","School events","Carnivals","Social Media","Seedly","Reddit","Yahoo Finance","Hardwarezone","WokeSalaryman","","","","","","","","","","","","PRULink Supergrowth Account","",""
"2021/03/13 9:49:29 pm GMT+8","22 to 36 years old","No","No income","No","","","","","","","","","","","","","Not enough money","Yes","","","","","","","","","","","","Seedly;School events","Seedly","Word of Mouth","School events","Carnivals","Social Media","Reddit","Yahoo Finance","Hardwarezone","WokeSalaryman","ILP lost their place in this era because we are in an exciting economy with robos, lower transaction fees","PruActive LinkGuard","",""
"2021/03/13 9:50:49 pm GMT+8","21 years old and under","Yes","No income","No","","","","","","","","","","","","","Hardwarezone bad comments","No","Have other alternatives like robo investing or can just invest myself","NIL","Word of Mouth","School events","Carnivals","Social Media","Seedly","Reddit","Yahoo Finance","Hardwarezone","WokeSalaryman","","","","","","","","","","","","NIL","",""
"2021/03/13 9:51:58 pm GMT+8","22 to 36 years old","No","$25,000 and below","No","","","","","","","","","","","","","Complexity of the plans and their charges;Unnecessary;Lack of information","Yes","","","","","","","","","","","","Word of mouth (Parents, Financial Advisors, Friends etc)","Word of Mouth","School events","Carnivals","Seedly","Social Media","Yahoo Finance","Reddit","Hardwarezone","WokeSalaryman","Might lose even more when market goes down","NIL","",""
"2021/03/13 9:53:14 pm GMT+8","21 years old and under","Yes","$25,000 and below","No","","","","","","","","","","","","","Hefty fees","No","Transaction cost, might lose more money ","NIL","Word of Mouth","School events","Carnivals","Social Media","WokeSalaryman","Hardwarezone","Yahoo Finance","Reddit","Seedly","","","","","","","","","","","","NIL","",""
"2021/03/13 9:55:16 pm GMT+8","22 to 36 years old","No","$25,000 and below","No","","","","","","","","","","","","","Lack of information","Yes","","","","","","","","","","","","Seedly;Social Media Advertisements e.g. Youtube, Instagram;Word of mouth (Parents, Financial Advisors, Friends etc)","Word of Mouth","School events","Carnivals","Social Media","Seedly","Reddit","Yahoo Finance","Hardwarezone","WokeSalaryman","Not sure if will feel restricted in terms of funds or if can cancel immediately","NIL","",""
"2021/03/13 9:56:26 pm GMT+8","22 to 36 years old","Yes","No income","No","","","","","","","","","","","","","Unnecessary","No","extra charges incurred not ideal","NIL","Word of Mouth","School events","Carnivals","Social Media","WokeSalaryman","Hardwarezone","Yahoo Finance","Reddit","Seedly","","","","","","","","","","","","NIL","",""
"2021/03/13 9:57:32 pm GMT+8","22 to 36 years old","No","$25,000 and below","No","","","","","","","","","","","","","No guaranteed returns;Hefty fees","No","Not willing to take the risk;More cons than pros","NIL","Word of Mouth","School events","Carnivals","Social Media","WokeSalaryman","Hardwarezone","Yahoo Finance","Reddit","Seedly","","","","","","","","","","","","NIL","",""
"2021/03/13 9:59:11 pm GMT+8","22 to 36 years old","No","$25,000 and below","No","","","","","","","","","","","","","Hefty fees; ILP aims to ""invest"" and ""insure"" but ends up doing neither well","No"," ILP aims to ""invest"" and ""insure"" but ends up doing neither well","NIL","Seedly","Reddit","Yahoo Finance","Hardwarezone","Word of Mouth","School events","Carnivals","Social Media","WokeSalaryman","","","","","","","","","","","","PruActive LinkGuard","",""
"2021/03/13 10:00:19 pm GMT+8","21 years old and under","No","$25,000 and below","No","","","","","","","","","","","","","Never hear before","Yes","","","","","","","","","","","","School events","Seedly","Reddit","Yahoo Finance","Hardwarezone","Word of Mouth","School events","Carnivals","Social Media","WokeSalaryman","Not that widely advertised","NIL","",""
"2021/03/13 10:01:40 pm GMT+8","21 years old and under","No","$25,000 and below","No","","","","","","","","","","","","","Dont know it exist","Yes","","","","","","","","","","","","Seedly;Hardwarezone;Social Media Advertisements e.g. Youtube, Instagram","Seedly","Reddit","Hardwarezone","Yahoo Finance","School events","Carnivals","Social Media","WokeSalaryman","Word of Mouth","For lazy people like me","NIL","",""
"2021/03/13 10:02:41 pm GMT+8","22 to 36 years old","Yes","No income","No","","","","","","","","","","","","","Complexity of the plans and their charges;Lack of information","Yes","","","","","","","","","","","","Social Media Advertisements e.g. Youtube, Instagram;School events","Social Media","Carnivals","School events","Word of Mouth","Seedly","Reddit","Yahoo Finance","Hardwarezone","WokeSalaryman","Hidden costs","NIL","",""
"2021/03/13 10:03:37 pm GMT+8","22 to 36 years old","No","$25,000 and below","No","","","","","","","","","","","","","Hefty fees;Expensive","No","Financial difficulties","NIL","Word of Mouth","Seedly","Hardwarezone","Yahoo Finance","Reddit","WokeSalaryman","Social Media","Carnivals","School events","","","","","","","","","","","","NIL","",""
"2021/03/13 10:04:23 pm GMT+8","22 to 36 years old","Yes","$25,000 and below","No","","","","","","","","","","","","","Complexity of the plans and their charges;Not enough money;Lack of information","Yes","","","","","","","","","","","","Seedly;Yahoo Finance;School events;Word of mouth (Parents, Financial Advisors, Friends etc)","Word of Mouth","School events","Yahoo Finance","Seedly","Social Media","Reddit","WokeSalaryman","Carnivals","Hardwarezone","Need greater clarification with the agent offering or an external party for the interested party to full understand his benefits and guaranteed returns","NIL","",""
"2021/03/13 10:04:36 pm GMT+8","22 to 36 years old","No","$25,000 and below","No","","","","","","","","","","","","","Seem s like it would be a loss ","Yes","","","","","","","","","","","","Social Media Advertisements e.g. Youtube, Instagram;Carnivals;School events","School events","Carnivals","Social Media","Word of Mouth","Seedly","Reddit","Yahoo Finance","Hardwarezone","WokeSalaryman","Agents need to explain well if not i will lose interest","NIL","",""
"2021/03/13 11:55:42 pm GMT+8","22 to 36 years old","Yes","No income","No","","","","","","","","","","","","","bad reputation","No","bad reputation","NIL","Word of Mouth","Social Media","Seedly","Reddit","Hardwarezone","Yahoo Finance","WokeSalaryman","Carnivals","School events","","","","","","","","","","","","NIL","",""
"2021/03/13 11:58:54 pm GMT+8","21 years old and under","Yes","No income","No","","","","","","","","","","","","","Lack of information","Yes","","","","","","","","","","","","WokeSalaryMan;Social Media Advertisements e.g. Youtube, Instagram;Word of mouth (Parents, Financial Advisors, Friends etc)","WokeSalaryman","Word of Mouth","Social Media","Hardwarezone","Reddit","Seedly","Carnivals","School events","Yahoo Finance","not very sure but seems pretty risky","NIL","",""
"2021/03/14 12:01:11 am GMT+8","22 to 36 years old","Yes","$25,000 and below","Yes","Higher potential returns","Reddit;Social Media Advertisements e.g. Youtube, Instagram;Word of mouth (Parents, Financial Advisors, Friends etc)","Word of Mouth","Social Media","WokeSalaryman","Reddit","Seedly","Yahoo Finance","Hardwarezone","Carnivals","School events","lower premiums","","Yes","","","","","","","","","","","","Reddit;Word of mouth (Parents, Financial Advisors, Friends etc)","Word of Mouth","Reddit","Seedly","Yahoo Finance","Hardwarezone","WokeSalaryman","Social Media","Carnivals","School events","very risky","NIL","",""
"2021/03/14 12:01:58 am GMT+8","21 years old and under","Yes","No income","No","","","","","","","","","","","","","Not enough money","No","Lack of information;Not willing to take the risk","Social Media Advertisements e.g. Youtube, Instagram","Social Media","WokeSalaryman","Hardwarezone","Yahoo Finance","Reddit","Seedly","Word of Mouth","School events","Carnivals","","","","","","","","","","","","NIL","",""
"2021/03/14 12:03:48 am GMT+8","21 years old and under","Yes","No income","No","","","","","","","","","","","","","Hefty fees;Not enough money","Yes","","","","","","","","","","","","Social Media Advertisements e.g. Youtube, Instagram;Carnivals;School events;Word of mouth (Parents, Financial Advisors, Friends etc)","Social Media","Word of Mouth","School events","Carnivals","WokeSalaryman","Yahoo Finance","Hardwarezone","Reddit","Seedly","seems expensive & risky","NIL","",""
"2021/03/14 12:05:36 am GMT+8","21 years old and under","Yes","No income","No","","","","","","","","","","","","","Possibility of reducing insurance coverage in the future;Not enough money","Yes","","","","","","","","","","","","WokeSalaryMan;Social Media Advertisements e.g. Youtube, Instagram;Carnivals;School events","Carnivals","School events","Word of Mouth","WokeSalaryman","Seedly","Social Media","Yahoo Finance","Hardwarezone","Reddit","seems like a good long term policy but expensive?","PRUSelect","",""
"2021/03/14 12:06:36 am GMT+8","21 years old and under","Yes","No income","No","","","","","","","","","","","","","No guaranteed returns;Unnecessary","No","Unnecessary;Not willing to take the risk","Seedly;Social Media Advertisements e.g. Youtube, Instagram;Carnivals;School events","Social Media","Carnivals","School events","Word of Mouth","Seedly","Reddit","Yahoo Finance","Hardwarezone","WokeSalaryman","","","","","","","","","","","","NIL","",""
"2021/03/14 12:07:34 am GMT+8","21 years old and under","Yes","No income","No","","","","","","","","","","","","","Hefty fees;Complexity of the plans and their charges;Unnecessary;Lack of information","Yes","","","","","","","","","","","","Seedly;Social Media Advertisements e.g. Youtube, Instagram;Word of mouth (Parents, Financial Advisors, Friends etc)","Seedly","Social Media","Word of Mouth","School events","Carnivals","WokeSalaryman","Hardwarezone","Yahoo Finance","Reddit","heard that it is expensive and risky","NIL","",""
"2021/03/14 12:09:21 am GMT+8","22 to 36 years old","Yes","$25,000 and below","Yes","Higher potential returns","Seedly;Social Media Advertisements e.g. Youtube, Instagram;Word of mouth (Parents, Financial Advisors, Friends etc)","Seedly","School events","Word of Mouth","Reddit","Yahoo Finance","Hardwarezone","WokeSalaryman","Social Media","Carnivals","a little expensive ","","Yes","","","","","","","","","","","","Seedly;Social Media Advertisements e.g. Youtube, Instagram;Word of mouth (Parents, Financial Advisors, Friends etc)","Seedly","Social Media","Word of Mouth","School events","Carnivals","Reddit","Yahoo Finance","Hardwarezone","WokeSalaryman","risky","NIL","",""
"2021/03/14 9:59:14 am GMT+8","22 to 36 years old","Yes","No income","No","","","","","","","","","","","","","No guaranteed returns;Unnecessary;Lack of information","No","Lack of information;Unnecessary;Not willing to take the risk","Seedly;Social Media Advertisements e.g. Youtube, Instagram;Word of mouth (Parents, Financial Advisors, Friends etc)","Word of Mouth","Social Media","WokeSalaryman","Seedly","Yahoo Finance","Reddit","School events","Carnivals","Hardwarezone","","","","","","","","","","","","NIL","",""
"2021/03/14 9:59:16 am GMT+8","22 to 36 years old","Yes","No income","No","","","","","","","","","","","","","Lack of information","No","Unnecessary","NIL","Social Media","Word of Mouth","WokeSalaryman","Seedly","Yahoo Finance","School events","Reddit","Carnivals","Hardwarezone","","","","","","","","","","","","NIL","",""
"2021/03/14 10:01:52 am GMT+8","22 to 36 years old","Yes","No income","No","","","","","","","","","","","","","Unnecessary;Lack of information","No","Lack of information;Financial difficulties;Not willing to take the risk","Social Media Advertisements e.g. Youtube, Instagram;Word of mouth (Parents, Financial Advisors, Friends etc)","Word of Mouth","Social Media","Seedly","Yahoo Finance","Reddit","School events","Carnivals","WokeSalaryman","Hardwarezone","","","","","","","","","","","","NIL","",""
"2021/03/14 10:01:54 am GMT+8","22 to 36 years old","Yes","No income","No","","","","","","","","","","","","","No guaranteed returns;Unnecessary;Lack of information","No","Lack of information;Not willing to take the risk","Seedly;Yahoo Finance;WokeSalaryMan;Social Media Advertisements e.g. Youtube, Instagram;Word of mouth (Parents, Financial Advisors, Friends etc)","Word of Mouth","Social Media","WokeSalaryman","Seedly","Yahoo Finance","School events","Carnivals","Reddit","Hardwarezone","","","","","","","","","","","","NIL","",""
"2021/03/14 10:03:28 am GMT+8","21 years old and under","Yes","No income","No","","","","","","","","","","","","","Lack of information","Yes","","","","","","","","","","","","Seedly;Social Media Advertisements e.g. Youtube, Instagram;Word of mouth (Parents, Financial Advisors, Friends etc)","Word of Mouth","Social Media","Seedly","Reddit","Hardwarezone","Yahoo Finance","WokeSalaryman","Carnivals","School events","Not worth","NIL","",""
"2021/03/14 10:06:48 am GMT+8","22 to 36 years old","Yes","$25,000 and below","No","","","","","","","","","","","","","No guaranteed returns;Hefty fees;Complexity of the plans and their charges","Yes","","","","","","","","","","","","Seedly;Reddit;Social Media Advertisements e.g. Youtube, Instagram","Social Media","Seedly","Reddit","Word of Mouth","Carnivals","School events","Yahoo Finance","Hardwarezone","WokeSalaryman","Long term investment that is slightly risky","NIL","",""
"2021/03/14 10:08:01 am GMT+8","22 to 36 years old","Yes","No income","No","","","","","","","","","","","","","Unnecessary;Not enough money;Lack of information","No","Lack of information;Unnecessary;Not willing to take the risk","Reddit;Social Media Advertisements e.g. Youtube, Instagram","Social Media","Reddit","Seedly","Word of Mouth","School events","Carnivals","WokeSalaryman","Yahoo Finance","Hardwarezone","","","","","","","","","","","","NIL","",""
"2021/03/14 10:12:24 am GMT+8","22 to 36 years old","Yes","$25,000 and below","No","","","","","","","","","","","","","Hefty fees;Possibility of reducing insurance coverage in the future","Yes","","","","","","","","","","","","Seedly;Reddit;Social Media Advertisements e.g. Youtube, Instagram","Seedly","Reddit","Social Media","Word of Mouth","WokeSalaryman","Yahoo Finance","Hardwarezone","Carnivals","School events","expensive!! no guaranteed returns as well","NIL","",""
"2021/03/14 10:16:27 am GMT+8","22 to 36 years old","Yes","No income","No","","","","","","","","","","","","","Not enough money","No","Financial difficulties","Seedly;Social Media Advertisements e.g. Youtube, Instagram;Word of mouth (Parents, Financial Advisors, Friends etc)","Social Media","Word of Mouth","Seedly","Reddit","Yahoo Finance","Hardwarezone","WokeSalaryman","Carnivals","School events","","","","","","","","","","","","NIL","",""
"2021/03/14 12:46:51 pm GMT+8","22 to 36 years old","Yes","No income","No","","","","","","","","","","","","","no one around me bought it","No","bad reputation","Seedly;Reddit;Social Media Advertisements e.g. Youtube, Instagram;Word of mouth (Parents, Financial Advisors, Friends etc)","Reddit","Social Media","Seedly","Word of Mouth","Yahoo Finance","Hardwarezone","WokeSalaryman","Carnivals","School events","","","","","","","","","","","","NIL","",""
"2021/03/14 12:50:05 pm GMT+8","22 to 36 years old","Yes","$25,000 and below","No","","","","","","","","","","","","","Hefty fees;Not enough money","No","Not willing to take the risk;not worth for a student like me","Social Media Advertisements e.g. Youtube, Instagram","Social Media","Word of Mouth","School events","Carnivals","Seedly","Reddit","Yahoo Finance","Hardwarezone","WokeSalaryman","","","","","","","","","","","","NIL","",""
"2021/03/14 1:52:34 pm GMT+8","22 to 36 years old","No","No income","No","","","","","","","","","","","","","No guaranteed returns;Unnecessary;Not enough money","No","Unnecessary;Not willing to take the risk","NIL","Seedly","Reddit","Hardwarezone","Word of Mouth","Social Media","WokeSalaryman","Carnivals","School events","Yahoo Finance","","","","","","","","","","","","NIL","",""
"2021/03/14 7:39:12 pm GMT+8","22 to 36 years old","Yes","No income","No","","","","","","","","","","","","","Not enough money;Lack of information","No","Unnecessary","NIL","Seedly","Social Media","Word of Mouth","School events","Carnivals","WokeSalaryman","Yahoo Finance","Reddit","Hardwarezone","","","","","","","","","","","","NIL","",""
"2021/03/14 8:39:24 pm GMT+8","22 to 36 years old","Yes","No income","No","","","","","","","","","","","","","Lack of information","No","Lack of information","NIL","Word of Mouth","School events","Carnivals","Social Media","WokeSalaryman","Hardwarezone","Yahoo Finance","Reddit","Seedly","","","","","","","","","","","","NIL","",""
"2021/03/14 9:12:17 pm GMT+8","21 years old and under","Yes","No income","No","","","","","","","","","","","","","Unnecessary;Not enough money;Lack of information","No","Lack of information;Unnecessary","Reddit;Social Media Advertisements e.g. Youtube, Instagram;Carnivals;School events;Word of mouth (Parents, Financial Advisors, Friends etc)","Word of Mouth","Social Media","School events","Reddit","Yahoo Finance","Seedly","Carnivals","Hardwarezone","WokeSalaryman","","","","","","","","","","","","NIL","",""
"2021/03/14 10:51:40 pm GMT+8","21 years old and under","Yes","No income","No","","","","","","","","","","","","","Not enough money;Lack of information","Yes","","","","","","","","","","","","Seedly;Social Media Advertisements e.g. Youtube, Instagram;Carnivals;Word of mouth (Parents, Financial Advisors, Friends etc)","Seedly","Social Media","Word of Mouth","School events","Carnivals","Yahoo Finance","Reddit","WokeSalaryman","Hardwarezone","Had an impression that it will be expensive","NIL","",""
"2021/03/14 10:52:33 pm GMT+8","21 years old and under","Yes","No income","No","","","","","","","","","","","","","No guaranteed returns;Unnecessary","No","Lack of information;Financial difficulties;Not willing to take the risk","Social Media Advertisements e.g. Youtube, Instagram;Word of mouth (Parents, Financial Advisors, Friends etc)","Carnivals","School events","Word of Mouth","Social Media","Seedly","Yahoo Finance","Reddit","Hardwarezone","WokeSalaryman","","","","","","","","","","","","NIL","",""
"2021/03/14 10:56:35 pm GMT+8","21 years old and under","Yes","No income","No","","","","","","","","","","","","","Unnecessary;Not enough money;Lack of information","Yes","","","","","","","","","","","","Seedly;Social Media Advertisements e.g. Youtube, Instagram;Carnivals;School events;Word of mouth (Parents, Financial Advisors, Friends etc)","Seedly","Social Media","Word of Mouth","School events","Carnivals","Yahoo Finance","Reddit","Hardwarezone","WokeSalaryman","Risky and foreign ","NIL","",""
"2021/03/14 10:56:40 pm GMT+8","21 years old and under","Yes","No income","No","","","","","","","","","","","","","No guaranteed returns;Unnecessary;Not enough money;Lack of information","No","Lack of information;Financial difficulties","Seedly;Social Media Advertisements e.g. Youtube, Instagram;Word of mouth (Parents, Financial Advisors, Friends etc)","Social Media","Word of Mouth","School events","Seedly","Yahoo Finance","Carnivals","Reddit","Hardwarezone","WokeSalaryman","","","","","","","","","","","","NIL","",""
"2021/03/14 11:13:13 pm GMT+8","21 years old and under","Yes","No income","No","","","","","","","","","","","","","Unnecessary;Not enough money;Lack of information","Yes","","","","","","","","","","","","Seedly;Reddit;Yahoo Finance;Social Media Advertisements e.g. Youtube, Instagram;School events;Word of mouth (Parents, Financial Advisors, Friends etc)","Seedly","Social Media","Word of Mouth","School events","Carnivals","Reddit","Yahoo Finance","Hardwarezone","WokeSalaryman","Difficult to understand ","NIL","",""
"2021/03/14 11:15:11 pm GMT+8","21 years old and under","Yes","No income","No","","","","","","","","","","","","","Unnecessary;Not enough money;Lack of information","No","Financial difficulties;Not willing to take the risk","NIL","Social Media","Seedly","Yahoo Finance","Carnivals","Word of Mouth","School events","Reddit","WokeSalaryman","Hardwarezone","","","","","","","","","","","","NIL","",""
"2021/03/14 11:16:47 pm GMT+8","21 years old and under","Yes","No income","No","","","","","","","","","","","","","No guaranteed returns;Not enough money;Lack of information","No","Unnecessary;Financial difficulties;Not willing to take the risk","NIL","Word of Mouth","Social Media","Seedly","Reddit","Yahoo Finance","School events","Carnivals","WokeSalaryman","Hardwarezone","","","","","","","","","","","","NIL","",""
"2021/03/14 11:54:10 pm GMT+8","22 to 36 years old","Yes","No income","No","","","","","","","","","","","","","Possibility of reducing insurance coverage in the future;Complexity of the plans and their charges;Lack of information","Yes","","","","","","","","","","","","Seedly;Social Media Advertisements e.g. Youtube, Instagram;Word of mouth (Parents, Financial Advisors, Friends etc)","Social Media","Carnivals","School events","Word of Mouth","Seedly","Reddit","Yahoo Finance","Hardwarezone","WokeSalaryman","Dangerous ","NIL","",""
"2021/03/14 11:54:36 pm GMT+8","22 to 36 years old","Yes","No income","No","","","","","","","","","","","","","Not enough money;Lack of information","No","Financial difficulties;Not willing to take the risk","NIL","Seedly","Reddit","Social Media","Yahoo Finance","Word of Mouth","School events","Carnivals","WokeSalaryman","Hardwarezone","","","","","","","","","","","","NIL","",""
"2021/03/15 12:06:41 am GMT+8","22 to 36 years old","Yes","No income","No","","","","","","","","","","","","","Unnecessary;Not enough money;Lack of information","Yes","","","","","","","","","","","","Social Media Advertisements e.g. Youtube, Instagram","Seedly","Reddit","Social Media","Carnivals","Word of Mouth","School events","WokeSalaryman","Hardwarezone","Yahoo Finance","Good for people who do not have the time to invest","NIL","",""
"2021/03/15 7:08:15 pm GMT+8","22 to 36 years old","Yes","No income","No","","","","","","","","","","","","","No guaranteed returns","No","Lack of information;Not willing to take the risk","Social Media Advertisements e.g. Youtube, Instagram;Word of mouth (Parents, Financial Advisors, Friends etc)","Word of Mouth","Social Media","WokeSalaryman","Seedly","Yahoo Finance","Reddit","School events","Carnivals","Hardwarezone","","","","","","","","","","","","NIL","",""
"2021/03/15 7:08:51 pm GMT+8","22 to 36 years old","Yes","No income","No","","","","","","","","","","","","","Unnecessary","No","Not willing to take the risk","NIL","Social Media","Word of Mouth","WokeSalaryman","Seedly","Yahoo Finance","Reddit","School events","Carnivals","Hardwarezone","","","","","","","","","","","","NIL","",""
"2021/03/15 7:09:33 pm GMT+8","22 to 36 years old","Yes","No income","No","","","","","","","","","","","","","No guaranteed returns;Unnecessary;Not enough money;Lack of information","No","Lack of information;Unnecessary;Financial difficulties;Not willing to take the risk","Social Media Advertisements e.g. Youtube, Instagram;Word of mouth (Parents, Financial Advisors, Friends etc)","Social Media","Word of Mouth","Seedly","WokeSalaryman","Reddit","Yahoo Finance","School events","Carnivals","Hardwarezone","","","","","","","","","","","","NIL","",""
"2021/03/15 7:10:11 pm GMT+8","22 to 36 years old","Yes","No income","No","","","","","","","","","","","","","Lack of information","No","Lack of information","Social Media Advertisements e.g. Youtube, Instagram;Word of mouth (Parents, Financial Advisors, Friends etc)","Word of Mouth","Social Media","WokeSalaryman","Seedly","Yahoo Finance","Reddit","School events","Carnivals","Hardwarezone","","","","","","","","","","","","NIL","",""
"2021/03/17 4:49:45 pm GMT+8","22 to 36 years old","Yes","No income","No","","","","","","","","","","","","","Not enough money;Lack of information","Yes","","","","","","","","","","","","Seedly;School events;Word of mouth (Parents, Financial Advisors, Friends etc)","Seedly","Reddit","Word of Mouth","Social Media","School events","Carnivals","Yahoo Finance","Hardwarezone","WokeSalaryman","Expensive","NIL","",""
"2021/03/17 4:50:31 pm GMT+8","22 to 36 years old","Yes","No income","No","","","","","","","","","","","","","Not enough money;Lack of information","No","Financial difficulties;Not willing to take the risk","NIL","Seedly","School events","Word of Mouth","Social Media","Carnivals","Reddit","Yahoo Finance","Hardwarezone","WokeSalaryman","","","","","","","","","","","","NIL","",""
"2021/03/17 4:51:16 pm GMT+8","21 years old and under","Yes","No income","No","","","","","","","","","","","","","No guaranteed returns;Complexity of the plans and their charges;Not enough money;Lack of information","No","Not willing to take the risk","NIL","Seedly","Reddit","Yahoo Finance","School events","Word of Mouth","Carnivals","Social Media","WokeSalaryman","Hardwarezone","","","","","","","","","","","","NIL","",""
"2021/03/17 11:44:13 pm GMT+8","21 years old and under","Yes","No income","No","","","","","","","","","","","","","Complexity of the plans and their charges;Not enough money;Lack of information","No","Lack of information;Financial difficulties","Seedly;Social Media Advertisements e.g. Youtube, Instagram;Carnivals;School events;Word of mouth (Parents, Financial Advisors, Friends etc)","Word of Mouth","Social Media","School events","Carnivals","Yahoo Finance","Reddit","Seedly","WokeSalaryman","Hardwarezone","","","","","","","","","","","","NIL","",""
"2021/03/17 11:44:15 pm GMT+8","21 years old and under","Yes","No income","No","","","","","","","","","","","","","No guaranteed returns;Not enough money;Lack of information","No","Lack of information","Seedly;Reddit;Yahoo Finance;Social Media Advertisements e.g. Youtube, Instagram;School events","Seedly","Reddit","Yahoo Finance","Word of Mouth","Social Media","Carnivals","School events","Hardwarezone","WokeSalaryman","","","","","","","","","","","","NIL","",""